sample,read1,read2,adaptor1,adaptor2,barcode1,barcode2,lineage,genome
I0268,/scratch/drabosky_flux/sosi/birds/Prum15/revised1/raw_reads/P0004_RP_I0268_TTACTTCT_L001_R1.fastq.gz,/scratch/drabosky_flux/sosi/birds/Prum15/revised1/raw_reads/P0004_RP_I0268_TTACTTCT_L001_R2.fastq.gz,CAAGCAGAAGACGGCATACGAGAT*GTGACTGGAGTTCAGACGTGTGCTCTTCCGATCT,AATGATACGGCGACCACCGAGATCTACACTCTTTCCCTACACGACGCTCTTCCGATCT,TTACTTCT,NA,Accipiter_superciliosus,NA
I0394,/scratch/drabosky_flux/sosi/birds/Prum15/revised1/raw_reads/P0004_RP_I0394_CTTATCAG_L002_R1.fastq.gz,/scratch/drabosky_flux/sosi/birds/Prum15/revised1/raw_reads/P0004_RP_I0394_CTTATCAG_L002_R2.fastq.gz,CAAGCAGAAGACGGCATACGAGAT*GTGACTGGAGTTCAGACGTGTGCTCTTCCGATCT,AATGATACGGCGACCACCGAGATCTACACTCTTTCCCTACACGACGCTCTTCCGATCT,CTTATCAG,NA,Aegotheles_insignis,NA
I0194,/scratch/drabosky_flux/sosi/birds/Prum15/revised1/raw_reads/P0004_RP_I0194_ACGACTCG_L001_R1.fastq.gz,/scratch/drabosky_flux/sosi/birds/Prum15/revised1/raw_reads/P0004_RP_I0194_ACGACTCG_L001_R2.fastq.gz,CAAGCAGAAGACGGCATACGAGAT*GTGACTGGAGTTCAGACGTGTGCTCTTCCGATCT,AATGATACGGCGACCACCGAGATCTACACTCTTTCCCTACACGACGCTCTTCCGATCT,ACGACTCG,NA,Alcedo_quadribrachys,NA
I0252,/scratch/drabosky_flux/sosi/birds/Prum15/revised1/raw_reads/P0004_RP_I0252_GTTAAGTT_L001_R1.fastq.gz,/scratch/drabosky_flux/sosi/birds/Prum15/revised1/raw_reads/P0004_RP_I0252_GTTAAGTT_L001_R2.fastq.gz,CAAGCAGAAGACGGCATACGAGAT*GTGACTGGAGTTCAGACGTGTGCTCTTCCGATCT,AATGATACGGCGACCACCGAGATCTACACTCTTTCCCTACACGACGCTCTTCCGATCT,GTTAAGTT,NA,Anas_superciliosa,NA
I0379,/scratch/drabosky_flux/sosi/birds/Prum15/revised1/raw_reads/P0004_RP_I0379_CCGAACGC_L001_R1.fastq.gz,/scratch/drabosky_flux/sosi/birds/Prum15/revised1/raw_reads/P0004_RP_I0379_CCGAACGC_L001_R2.fastq.gz,CAAGCAGAAGACGGCATACGAGAT*GTGACTGGAGTTCAGACGTGTGCTCTTCCGATCT,AATGATACGGCGACCACCGAGATCTACACTCTTTCCCTACACGACGCTCTTCCGATCT,CCGAACGC,NA,Anhinga_anhinga,NA
I0285,/scratch/drabosky_flux/sosi/birds/Prum15/revised1/raw_reads/P0004_RP_I0285_AAGACGCT_L002_R1.fastq.gz,/scratch/drabosky_flux/sosi/birds/Prum15/revised1/raw_reads/P0004_RP_I0285_AAGACGCT_L002_R2.fastq.gz,CAAGCAGAAGACGGCATACGAGAT*GTGACTGGAGTTCAGACGTGTGCTCTTCCGATCT,AATGATACGGCGACCACCGAGATCTACACTCTTTCCCTACACGACGCTCTTCCGATCT,AAGACGCT,NA,Anser_canagicus,NA
I0253,/scratch/drabosky_flux/sosi/birds/Prum15/revised1/raw_reads/P0004_RP_I0253_GTTCTACG_L002_R1.fastq.gz,/scratch/drabosky_flux/sosi/birds/Prum15/revised1/raw_reads/P0004_RP_I0253_GTTCTACG_L002_R2.fastq.gz,CAAGCAGAAGACGGCATACGAGAT*GTGACTGGAGTTCAGACGTGTGCTCTTCCGATCT,AATGATACGGCGACCACCGAGATCTACACTCTTTCCCTACACGACGCTCTTCCGATCT,GTTCTACG,NA,Anseranas_semipalmata,NA
I0190,/scratch/drabosky_flux/sosi/birds/Prum15/revised1/raw_reads/P0004_RP_I0190_AAGCAATA_L001_R1.fastq.gz,/scratch/drabosky_flux/sosi/birds/Prum15/revised1/raw_reads/P0004_RP_I0190_AAGCAATA_L001_R2.fastq.gz,CAAGCAGAAGACGGCATACGAGAT*GTGACTGGAGTTCAGACGTGTGCTCTTCCGATCT,AATGATACGGCGACCACCGAGATCTACACTCTTTCCCTACACGACGCTCTTCCGATCT,AAGCAATA,NA,Apaloderma_aequatoriale,NA
I0390,/scratch/drabosky_flux/sosi/birds/Prum15/revised1/raw_reads/P0004_RP_I0390_CGTTGCGG_L002_R1.fastq.gz,/scratch/drabosky_flux/sosi/birds/Prum15/revised1/raw_reads/P0004_RP_I0390_CGTTGCGG_L002_R2.fastq.gz,CAAGCAGAAGACGGCATACGAGAT*GTGACTGGAGTTCAGACGTGTGCTCTTCCGATCT,AATGATACGGCGACCACCGAGATCTACACTCTTTCCCTACACGACGCTCTTCCGATCT,CGTTGCGG,NA,Apteryx_sp,NA
I0419,/scratch/drabosky_flux/sosi/birds/Prum15/revised1/raw_reads/P0004_RP_I0419_GTTAAGTT_L001_R1.fastq.gz,/scratch/drabosky_flux/sosi/birds/Prum15/revised1/raw_reads/P0004_RP_I0419_GTTAAGTT_L001_R2.fastq.gz,CAAGCAGAAGACGGCATACGAGAT*GTGACTGGAGTTCAGACGTGTGCTCTTCCGATCT,AATGATACGGCGACCACCGAGATCTACACTCTTTCCCTACACGACGCTCTTCCGATCT,GTTAAGTT,NA,Aramus_guarauna,NA
I0277,/scratch/drabosky_flux/sosi/birds/Prum15/revised1/raw_reads/P0004_RP_I0277_TTGGAGCT_L002_R1.fastq.gz,/scratch/drabosky_flux/sosi/birds/Prum15/revised1/raw_reads/P0004_RP_I0277_TTGGAGCT_L002_R2.fastq.gz,CAAGCAGAAGACGGCATACGAGAT*GTGACTGGAGTTCAGACGTGTGCTCTTCCGATCT,AATGATACGGCGACCACCGAGATCTACACTCTTTCCCTACACGACGCTCTTCCGATCT,TTGGAGCT,NA,Archilochus_colubris,NA
I0245,/scratch/drabosky_flux/sosi/birds/Prum15/revised1/raw_reads/P0004_RP_I0245_GGCTTGAA_L002_R1.fastq.gz,/scratch/drabosky_flux/sosi/birds/Prum15/revised1/raw_reads/P0004_RP_I0245_GGCTTGAA_L002_R2.fastq.gz,CAAGCAGAAGACGGCATACGAGAT*GTGACTGGAGTTCAGACGTGTGCTCTTCCGATCT,AATGATACGGCGACCACCGAGATCTACACTCTTTCCCTACACGACGCTCTTCCGATCT,GGCTTGAA,NA,Ardea_herodias,NA
I0281,/scratch/drabosky_flux/sosi/birds/Prum15/revised1/raw_reads/P0004_RP_I0281_AACGACTA_L002_R1.fastq.gz,/scratch/drabosky_flux/sosi/birds/Prum15/revised1/raw_reads/P0004_RP_I0281_AACGACTA_L002_R2.fastq.gz,CAAGCAGAAGACGGCATACGAGAT*GTGACTGGAGTTCAGACGTGTGCTCTTCCGATCT,AATGATACGGCGACCACCGAGATCTACACTCTTTCCCTACACGACGCTCTTCCGATCT,AACGACTA,NA,Ardeotis_kori,NA
I0427,/scratch/drabosky_flux/sosi/birds/Prum15/revised1/raw_reads/P0004_RP_I0427_TGACGCGG_L001_R1.fastq.gz,/scratch/drabosky_flux/sosi/birds/Prum15/revised1/raw_reads/P0004_RP_I0427_TGACGCGG_L001_R2.fastq.gz,CAAGCAGAAGACGGCATACGAGAT*GTGACTGGAGTTCAGACGTGTGCTCTTCCGATCT,AATGATACGGCGACCACCGAGATCTACACTCTTTCCCTACACGACGCTCTTCCGATCT,TGACGCGG,NA,Arenaria_interpres,NA
I0364,/scratch/drabosky_flux/sosi/birds/Prum15/revised1/raw_reads/P0004_RP_I0364_AGAACTCT_L002_R1.fastq.gz,/scratch/drabosky_flux/sosi/birds/Prum15/revised1/raw_reads/P0004_RP_I0364_AGAACTCT_L002_R2.fastq.gz,CAAGCAGAAGACGGCATACGAGAT*GTGACTGGAGTTCAGACGTGTGCTCTTCCGATCT,AATGATACGGCGACCACCGAGATCTACACTCTTTCCCTACACGACGCTCTTCCGATCT,AGAACTCT,NA,Atelornis_pittoides,NA
I0288,/scratch/drabosky_flux/sosi/birds/Prum15/revised1/raw_reads/P0004_RP_I0288_ACCAACCG_L001_R1.fastq.gz,/scratch/drabosky_flux/sosi/birds/Prum15/revised1/raw_reads/P0004_RP_I0288_ACCAACCG_L001_R2.fastq.gz,CAAGCAGAAGACGGCATACGAGAT*GTGACTGGAGTTCAGACGTGTGCTCTTCCGATCT,AATGATACGGCGACCACCGAGATCTACACTCTTTCCCTACACGACGCTCTTCCGATCT,ACCAACCG,NA,Aythya_valisineria,NA
I0275,/scratch/drabosky_flux/sosi/birds/Prum15/revised1/raw_reads/P0004_RP_I0275_TTGATCCA_L002_R1.fastq.gz,/scratch/drabosky_flux/sosi/birds/Prum15/revised1/raw_reads/P0004_RP_I0275_TTGATCCA_L002_R2.fastq.gz,CAAGCAGAAGACGGCATACGAGAT*GTGACTGGAGTTCAGACGTGTGCTCTTCCGATCT,AATGATACGGCGACCACCGAGATCTACACTCTTTCCCTACACGACGCTCTTCCGATCT,TTGATCCA,NA,Balaeniceps_rex,NA
I0433,/scratch/drabosky_flux/sosi/birds/Prum15/revised1/raw_reads/P0004_RP_I0433_TGGTTGAC_L001_R1.fastq.gz,/scratch/drabosky_flux/sosi/birds/Prum15/revised1/raw_reads/P0004_RP_I0433_TGGTTGAC_L001_R2.fastq.gz,CAAGCAGAAGACGGCATACGAGAT*GTGACTGGAGTTCAGACGTGTGCTCTTCCGATCT,AATGATACGGCGACCACCGAGATCTACACTCTTTCCCTACACGACGCTCTTCCGATCT,TGGTTGAC,NA,Balearica_regulorum,NA
I0383,/scratch/drabosky_flux/sosi/birds/Prum15/revised1/raw_reads/P0004_RP_I0383_CCTCTCAT_L001_R1.fastq.gz,/scratch/drabosky_flux/sosi/birds/Prum15/revised1/raw_reads/P0004_RP_I0383_CCTCTCAT_L001_R2.fastq.gz,CAAGCAGAAGACGGCATACGAGAT*GTGACTGGAGTTCAGACGTGTGCTCTTCCGATCT,AATGATACGGCGACCACCGAGATCTACACTCTTTCCCTACACGACGCTCTTCCGATCT,CCTCTCAT,NA,Barnardius_zonarius,NA
I0278,/scratch/drabosky_flux/sosi/birds/Prum15/revised1/raw_reads/P0004_RP_I0278_TTGGCAGA_L001_R1.fastq.gz,/scratch/drabosky_flux/sosi/birds/Prum15/revised1/raw_reads/P0004_RP_I0278_TTGGCAGA_L001_R2.fastq.gz,CAAGCAGAAGACGGCATACGAGAT*GTGACTGGAGTTCAGACGTGTGCTCTTCCGATCT,AATGATACGGCGACCACCGAGATCTACACTCTTTCCCTACACGACGCTCTTCCGATCT,TTGGCAGA,NA,Bonasa_umbellus,NA
I0195,/scratch/drabosky_flux/sosi/birds/Prum15/revised1/raw_reads/P0004_RP_I0195_ACTGCTCT_L002_R1.fastq.gz,/scratch/drabosky_flux/sosi/birds/Prum15/revised1/raw_reads/P0004_RP_I0195_ACTGCTCT_L002_R2.fastq.gz,CAAGCAGAAGACGGCATACGAGAT*GTGACTGGAGTTCAGACGTGTGCTCTTCCGATCT,AATGATACGGCGACCACCGAGATCTACACTCTTTCCCTACACGACGCTCTTCCGATCT,ACTGCTCT,NA,Buccanodon_duchaillui,NA
I0267,/scratch/drabosky_flux/sosi/birds/Prum15/revised1/raw_reads/P0004_RP_I0267_TTAAGCGT_L002_R1.fastq.gz,/scratch/drabosky_flux/sosi/birds/Prum15/revised1/raw_reads/P0004_RP_I0267_TTAAGCGT_L002_R2.fastq.gz,CAAGCAGAAGACGGCATACGAGAT*GTGACTGGAGTTCAGACGTGTGCTCTTCCGATCT,AATGATACGGCGACCACCGAGATCTACACTCTTTCCCTACACGACGCTCTTCCGATCT,TTAAGCGT,NA,Bucco_capensis,NA
I2828,/scratch/drabosky_flux/sosi/birds/Prum15/revised1/raw_reads/P0029_RP_12828_TTCATACG_L002_R1.fastq.gz,/scratch/drabosky_flux/sosi/birds/Prum15/revised1/raw_reads/P0029_RP_12828_TTCATACG_L002_R2.fastq.gz,CAAGCAGAAGACGGCATACGAGAT*GTGACTGGAGTTCAGACGTGTGCTCTTCCGATCT,AATGATACGGCGACCACCGAGATCTACACTCTTTCCCTACACGACGCTCTTCCGATCT,TTCATACG,NA,Bucorvus_leadbeateri,NA
I0209,/scratch/drabosky_flux/sosi/birds/Prum15/revised1/raw_reads/P0004_RP_I0209_CCATAGTC_L002_R1.fastq.gz,/scratch/drabosky_flux/sosi/birds/Prum15/revised1/raw_reads/P0004_RP_I0209_CCATAGTC_L002_R2.fastq.gz,CAAGCAGAAGACGGCATACGAGAT*GTGACTGGAGTTCAGACGTGTGCTCTTCCGATCT,AATGATACGGCGACCACCGAGATCTACACTCTTTCCCTACACGACGCTCTTCCGATCT,CCATAGTC,NA,Burhinus_oedicnemus,NA
I0185,/scratch/drabosky_flux/sosi/birds/Prum15/revised1/raw_reads/P0004_RP_I0185_AACGACTA_L002_R1.fastq.gz,/scratch/drabosky_flux/sosi/birds/Prum15/revised1/raw_reads/P0004_RP_I0185_AACGACTA_L002_R2.fastq.gz,CAAGCAGAAGACGGCATACGAGAT*GTGACTGGAGTTCAGACGTGTGCTCTTCCGATCT,AATGATACGGCGACCACCGAGATCTACACTCTTTCCCTACACGACGCTCTTCCGATCT,AACGACTA,NA,Buteo_jamaicensis,NA
I0461,/scratch/drabosky_flux/sosi/birds/Prum15/revised1/raw_reads/P0004_RP_I0461_AACCGAAC_L002_R1.fastq.gz,/scratch/drabosky_flux/sosi/birds/Prum15/revised1/raw_reads/P0004_RP_I0461_AACCGAAC_L002_R2.fastq.gz,CAAGCAGAAGACGGCATACGAGAT*GTGACTGGAGTTCAGACGTGTGCTCTTCCGATCT,AATGATACGGCGACCACCGAGATCTACACTCTTTCCCTACACGACGCTCTTCCGATCT,AACCGAAC,NA,Caiman_croccodilus,NA
I0455,/scratch/drabosky_flux/sosi/birds/Prum15/revised1/raw_reads/P0004_RP_I0455_TTGGCAGA_L001_R1.fastq.gz,/scratch/drabosky_flux/sosi/birds/Prum15/revised1/raw_reads/P0004_RP_I0455_TTGGCAGA_L001_R2.fastq.gz,CAAGCAGAAGACGGCATACGAGAT*GTGACTGGAGTTCAGACGTGTGCTCTTCCGATCT,AATGATACGGCGACCACCGAGATCTACACTCTTTCCCTACACGACGCTCTTCCGATCT,TTGGCAGA,NA,Calandrella_brachydactyla,NA
I0459,/scratch/drabosky_flux/sosi/birds/Prum15/revised1/raw_reads/P0004_RP_I0459_AACCAGAA_L002_R1.fastq.gz,/scratch/drabosky_flux/sosi/birds/Prum15/revised1/raw_reads/P0004_RP_I0459_AACCAGAA_L002_R2.fastq.gz,CAAGCAGAAGACGGCATACGAGAT*GTGACTGGAGTTCAGACGTGTGCTCTTCCGATCT,AATGATACGGCGACCACCGAGATCTACACTCTTTCCCTACACGACGCTCTTCCGATCT,AACCAGAA,NA,Calyptomena_viridis,NA
I0266,/scratch/drabosky_flux/sosi/birds/Prum15/revised1/raw_reads/P0004_RP_I0266_TGGTTGAC_L001_R1.fastq.gz,/scratch/drabosky_flux/sosi/birds/Prum15/revised1/raw_reads/P0004_RP_I0266_TGGTTGAC_L001_R2.fastq.gz,CAAGCAGAAGACGGCATACGAGAT*GTGACTGGAGTTCAGACGTGTGCTCTTCCGATCT,AATGATACGGCGACCACCGAGATCTACACTCTTTCCCTACACGACGCTCTTCCGATCT,TGGTTGAC,NA,Capito_niger,NA
I0258,/scratch/drabosky_flux/sosi/birds/Prum15/revised1/raw_reads/P0004_RP_I0258_TCGTTCGA_L001_R1.fastq.gz,/scratch/drabosky_flux/sosi/birds/Prum15/revised1/raw_reads/P0004_RP_I0258_TCGTTCGA_L001_R2.fastq.gz,CAAGCAGAAGACGGCATACGAGAT*GTGACTGGAGTTCAGACGTGTGCTCTTCCGATCT,AATGATACGGCGACCACCGAGATCTACACTCTTTCCCTACACGACGCTCTTCCGATCT,TCGTTCGA,NA,Caprimulgus_europaeus,NA
I0248,/scratch/drabosky_flux/sosi/birds/Prum15/revised1/raw_reads/P0004_RP_I0248_GGTCGGCG_L001_R1.fastq.gz,/scratch/drabosky_flux/sosi/birds/Prum15/revised1/raw_reads/P0004_RP_I0248_GGTCGGCG_L001_R2.fastq.gz,CAAGCAGAAGACGGCATACGAGAT*GTGACTGGAGTTCAGACGTGTGCTCTTCCGATCT,AATGATACGGCGACCACCGAGATCTACACTCTTTCCCTACACGACGCTCTTCCGATCT,GGTCGGCG,NA,Caracara_cheriway,NA
I0421,/scratch/drabosky_flux/sosi/birds/Prum15/revised1/raw_reads/P0004_RP_I0421_GTTGCAAC_L001_R1.fastq.gz,/scratch/drabosky_flux/sosi/birds/Prum15/revised1/raw_reads/P0004_RP_I0421_GTTGCAAC_L001_R2.fastq.gz,CAAGCAGAAGACGGCATACGAGAT*GTGACTGGAGTTCAGACGTGTGCTCTTCCGATCT,AATGATACGGCGACCACCGAGATCTACACTCTTTCCCTACACGACGCTCTTCCGATCT,GTTGCAAC,NA,Cariama_cristata,NA
I0382,/scratch/drabosky_flux/sosi/birds/Prum15/revised1/raw_reads/P0004_RP_I0382_CCTATCTC_L002_R1.fastq.gz,/scratch/drabosky_flux/sosi/birds/Prum15/revised1/raw_reads/P0004_RP_I0382_CCTATCTC_L002_R2.fastq.gz,CAAGCAGAAGACGGCATACGAGAT*GTGACTGGAGTTCAGACGTGTGCTCTTCCGATCT,AATGATACGGCGACCACCGAGATCTACACTCTTTCCCTACACGACGCTCTTCCGATCT,CCTATCTC,NA,Casuarius_bennetti,NA
I0202,/scratch/drabosky_flux/sosi/birds/Prum15/revised1/raw_reads/P0004_RP_I0202_ATATCGAT_L001_R1.fastq.gz,/scratch/drabosky_flux/sosi/birds/Prum15/revised1/raw_reads/P0004_RP_I0202_ATATCGAT_L001_R2.fastq.gz,CAAGCAGAAGACGGCATACGAGAT*GTGACTGGAGTTCAGACGTGTGCTCTTCCGATCT,AATGATACGGCGACCACCGAGATCTACACTCTTTCCCTACACGACGCTCTTCCGATCT,ATATCGAT,NA,Cathartes_burrovianus,NA
I0398,/scratch/drabosky_flux/sosi/birds/Prum15/revised1/raw_reads/P0004_RP_I0398_GAACGTAT_L002_R1.fastq.gz,/scratch/drabosky_flux/sosi/birds/Prum15/revised1/raw_reads/P0004_RP_I0398_GAACGTAT_L002_R2.fastq.gz,CAAGCAGAAGACGGCATACGAGAT*GTGACTGGAGTTCAGACGTGTGCTCTTCCGATCT,AATGATACGGCGACCACCGAGATCTACACTCTTTCCCTACACGACGCTCTTCCGATCT,GAACGTAT,NA,Centropus_bengalensis,NA
I0247,/scratch/drabosky_flux/sosi/birds/Prum15/revised1/raw_reads/P0004_RP_I0247_GGTCCTAG_L002_R1.fastq.gz,/scratch/drabosky_flux/sosi/birds/Prum15/revised1/raw_reads/P0004_RP_I0247_GGTCCTAG_L002_R2.fastq.gz,CAAGCAGAAGACGGCATACGAGAT*GTGACTGGAGTTCAGACGTGTGCTCTTCCGATCT,AATGATACGGCGACCACCGAGATCTACACTCTTTCCCTACACGACGCTCTTCCGATCT,GGTCCTAG,NA,Chaetura_brachyura,NA
I0212,/scratch/drabosky_flux/sosi/birds/Prum15/revised1/raw_reads/P0004_RP_I0212_CCGAACGC_L001_R1.fastq.gz,/scratch/drabosky_flux/sosi/birds/Prum15/revised1/raw_reads/P0004_RP_I0212_CCGAACGC_L001_R2.fastq.gz,CAAGCAGAAGACGGCATACGAGAT*GTGACTGGAGTTCAGACGTGTGCTCTTCCGATCT,AATGATACGGCGACCACCGAGATCTACACTCTTTCCCTACACGACGCTCTTCCGATCT,CCGAACGC,NA,Charadrius_hiaticula,NA
I0373,/scratch/drabosky_flux/sosi/birds/Prum15/revised1/raw_reads/P0004_RP_I0373_CAGGAAGG_L001_R1.fastq.gz,/scratch/drabosky_flux/sosi/birds/Prum15/revised1/raw_reads/P0004_RP_I0373_CAGGAAGG_L001_R2.fastq.gz,CAAGCAGAAGACGGCATACGAGAT*GTGACTGGAGTTCAGACGTGTGCTCTTCCGATCT,AATGATACGGCGACCACCGAGATCTACACTCTTTCCCTACACGACGCTCTTCCGATCT,CAGGAAGG,NA,Chauna_torquata,NA
I0274,/scratch/drabosky_flux/sosi/birds/Prum15/revised1/raw_reads/P0004_RP_I0274_TTGACTAG_L001_R1.fastq.gz,/scratch/drabosky_flux/sosi/birds/Prum15/revised1/raw_reads/P0004_RP_I0274_TTGACTAG_L001_R2.fastq.gz,CAAGCAGAAGACGGCATACGAGAT*GTGACTGGAGTTCAGACGTGTGCTCTTCCGATCT,AATGATACGGCGACCACCGAGATCTACACTCTTTCCCTACACGACGCTCTTCCGATCT,TTGACTAG,NA,Chelidoptera_tenebrosa,NA
I0272,/scratch/drabosky_flux/sosi/birds/Prum15/revised1/raw_reads/P0004_RP_I0272_TTCGATGA_L001_R1.fastq.gz,/scratch/drabosky_flux/sosi/birds/Prum15/revised1/raw_reads/P0004_RP_I0272_TTCGATGA_L001_R2.fastq.gz,CAAGCAGAAGACGGCATACGAGAT*GTGACTGGAGTTCAGACGTGTGCTCTTCCGATCT,AATGATACGGCGACCACCGAGATCTACACTCTTTCCCTACACGACGCTCTTCCGATCT,TTCGATGA,NA,Chloroceryle_inda,NA
I0244,/scratch/drabosky_flux/sosi/birds/Prum15/revised1/raw_reads/P0004_RP_I0244_GGCCAGTA_L001_R1.fastq.gz,/scratch/drabosky_flux/sosi/birds/Prum15/revised1/raw_reads/P0004_RP_I0244_GGCCAGTA_L001_R2.fastq.gz,CAAGCAGAAGACGGCATACGAGAT*GTGACTGGAGTTCAGACGTGTGCTCTTCCGATCT,AATGATACGGCGACCACCGAGATCTACACTCTTTCCCTACACGACGCTCTTCCGATCT,GGCCAGTA,NA,Chordeiles_pusillus,NA
I0206,/scratch/drabosky_flux/sosi/birds/Prum15/revised1/raw_reads/P0004_RP_I0206_CAGGAAGG_L001_R1.fastq.gz,/scratch/drabosky_flux/sosi/birds/Prum15/revised1/raw_reads/P0004_RP_I0206_CAGGAAGG_L001_R2.fastq.gz,CAAGCAGAAGACGGCATACGAGAT*GTGACTGGAGTTCAGACGTGTGCTCTTCCGATCT,AATGATACGGCGACCACCGAGATCTACACTCTTTCCCTACACGACGCTCTTCCGATCT,CAGGAAGG,NA,Chroicocephalus_cirrocephalus,NA
I0210,/scratch/drabosky_flux/sosi/birds/Prum15/revised1/raw_reads/P0004_RP_I0210_CCATCTTA_L001_R1.fastq.gz,/scratch/drabosky_flux/sosi/birds/Prum15/revised1/raw_reads/P0004_RP_I0210_CCATCTTA_L001_R2.fastq.gz,CAAGCAGAAGACGGCATACGAGAT*GTGACTGGAGTTCAGACGTGTGCTCTTCCGATCT,AATGATACGGCGACCACCGAGATCTACACTCTTTCCCTACACGACGCTCTTCCGATCT,CCATCTTA,NA,Ciconia_nigra,NA
I0380,/scratch/drabosky_flux/sosi/birds/Prum15/revised1/raw_reads/P0004_RP_I0380_CCGGCGAC_L002_R1.fastq.gz,/scratch/drabosky_flux/sosi/birds/Prum15/revised1/raw_reads/P0004_RP_I0380_CCGGCGAC_L002_R2.fastq.gz,CAAGCAGAAGACGGCATACGAGAT*GTGACTGGAGTTCAGACGTGTGCTCTTCCGATCT,AATGATACGGCGACCACCGAGATCTACACTCTTTCCCTACACGACGCTCTTCCGATCT,CCGGCGAC,NA,Climacteris_melanura,NA
I0235,/scratch/drabosky_flux/sosi/birds/Prum15/revised1/raw_reads/P0004_RP_I0235_GATTCCAG_L002_R1.fastq.gz,/scratch/drabosky_flux/sosi/birds/Prum15/revised1/raw_reads/P0004_RP_I0235_GATTCCAG_L002_R2.fastq.gz,CAAGCAGAAGACGGCATACGAGAT*GTGACTGGAGTTCAGACGTGTGCTCTTCCGATCT,AATGATACGGCGACCACCGAGATCTACACTCTTTCCCTACACGACGCTCTTCCGATCT,GATTCCAG,NA,Coccyzus_melacoryphus,NA
I0250,/scratch/drabosky_flux/sosi/birds/Prum15/revised1/raw_reads/P0004_RP_I0250_GGTTCAGC_L001_R1.fastq.gz,/scratch/drabosky_flux/sosi/birds/Prum15/revised1/raw_reads/P0004_RP_I0250_GGTTCAGC_L001_R2.fastq.gz,CAAGCAGAAGACGGCATACGAGAT*GTGACTGGAGTTCAGACGTGTGCTCTTCCGATCT,AATGATACGGCGACCACCGAGATCTACACTCTTTCCCTACACGACGCTCTTCCGATCT,GGTTCAGC,NA,Colinus_cristatus,NA
I0410,/scratch/drabosky_flux/sosi/birds/Prum15/revised1/raw_reads/P0004_RP_I0410_GGAGGCTC_L002_R1.fastq.gz,/scratch/drabosky_flux/sosi/birds/Prum15/revised1/raw_reads/P0004_RP_I0410_GGAGGCTC_L002_R2.fastq.gz,CAAGCAGAAGACGGCATACGAGAT*GTGACTGGAGTTCAGACGTGTGCTCTTCCGATCT,AATGATACGGCGACCACCGAGATCTACACTCTTTCCCTACACGACGCTCTTCCGATCT,GGAGGCTC,NA,Colius_colius,NA
I0413,/scratch/drabosky_flux/sosi/birds/Prum15/revised1/raw_reads/P0004_RP_I0413_GGTAGTTG_L001_R1.fastq.gz,/scratch/drabosky_flux/sosi/birds/Prum15/revised1/raw_reads/P0004_RP_I0413_GGTAGTTG_L001_R2.fastq.gz,CAAGCAGAAGACGGCATACGAGAT*GTGACTGGAGTTCAGACGTGTGCTCTTCCGATCT,AATGATACGGCGACCACCGAGATCTACACTCTTTCCCTACACGACGCTCTTCCGATCT,GGTAGTTG,NA,Colius_indicus,NA
I0211,/scratch/drabosky_flux/sosi/birds/Prum15/revised1/raw_reads/P0004_RP_I0211_CCATGCGC_L002_R1.fastq.gz,/scratch/drabosky_flux/sosi/birds/Prum15/revised1/raw_reads/P0004_RP_I0211_CCATGCGC_L002_R2.fastq.gz,CAAGCAGAAGACGGCATACGAGAT*GTGACTGGAGTTCAGACGTGTGCTCTTCCGATCT,AATGATACGGCGACCACCGAGATCTACACTCTTTCCCTACACGACGCTCTTCCGATCT,CCATGCGC,NA,Columba_livia,NA
I0243,/scratch/drabosky_flux/sosi/birds/Prum15/revised1/raw_reads/P0004_RP_I0243_GGAGGCTC_L002_R1.fastq.gz,/scratch/drabosky_flux/sosi/birds/Prum15/revised1/raw_reads/P0004_RP_I0243_GGAGGCTC_L002_R2.fastq.gz,CAAGCAGAAGACGGCATACGAGAT*GTGACTGGAGTTCAGACGTGTGCTCTTCCGATCT,AATGATACGGCGACCACCGAGATCTACACTCTTTCCCTACACGACGCTCTTCCGATCT,GGAGGCTC,NA,Columbina_minuta,NA
I0284,/scratch/drabosky_flux/sosi/birds/Prum15/revised1/raw_reads/P0004_RP_I0284_AAGAACCA_L001_R1.fastq.gz,/scratch/drabosky_flux/sosi/birds/Prum15/revised1/raw_reads/P0004_RP_I0284_AAGAACCA_L001_R2.fastq.gz,CAAGCAGAAGACGGCATACGAGAT*GTGACTGGAGTTCAGACGTGTGCTCTTCCGATCT,AATGATACGGCGACCACCGAGATCTACACTCTTTCCCTACACGACGCTCTTCCGATCT,AAGAACCA,NA,Coracias_cyanogaster,NA
I0197,/scratch/drabosky_flux/sosi/birds/Prum15/revised1/raw_reads/P0004_RP_I0197_AGAACTCT_L002_R1.fastq.gz,/scratch/drabosky_flux/sosi/birds/Prum15/revised1/raw_reads/P0004_RP_I0197_AGAACTCT_L002_R2.fastq.gz,CAAGCAGAAGACGGCATACGAGAT*GTGACTGGAGTTCAGACGTGTGCTCTTCCGATCT,AATGATACGGCGACCACCGAGATCTACACTCTTTCCCTACACGACGCTCTTCCGATCT,AGAACTCT,NA,Corvus_albus,NA
I0196,/scratch/drabosky_flux/sosi/birds/Prum15/revised1/raw_reads/P0004_RP_I0196_AGAACGAC_L001_R1.fastq.gz,/scratch/drabosky_flux/sosi/birds/Prum15/revised1/raw_reads/P0004_RP_I0196_AGAACGAC_L001_R2.fastq.gz,CAAGCAGAAGACGGCATACGAGAT*GTGACTGGAGTTCAGACGTGTGCTCTTCCGATCT,AATGATACGGCGACCACCGAGATCTACACTCTTTCCCTACACGACGCTCTTCCGATCT,AGAACGAC,NA,Corythaeola_cristata,NA
I0238,/scratch/drabosky_flux/sosi/birds/Prum15/revised1/raw_reads/P0004_RP_I0238_GCATTGGT_L001_R1.fastq.gz,/scratch/drabosky_flux/sosi/birds/Prum15/revised1/raw_reads/P0004_RP_I0238_GCATTGGT_L001_R2.fastq.gz,CAAGCAGAAGACGGCATACGAGAT*GTGACTGGAGTTCAGACGTGTGCTCTTCCGATCT,AATGATACGGCGACCACCGAGATCTACACTCTTTCCCTACACGACGCTCTTCCGATCT,GCATTGGT,NA,Cotinga_cayana,NA
I0269,/scratch/drabosky_flux/sosi/birds/Prum15/revised1/raw_reads/P0004_RP_I0269_TTAGGATG_L002_R1.fastq.gz,/scratch/drabosky_flux/sosi/birds/Prum15/revised1/raw_reads/P0004_RP_I0269_TTAGGATG_L002_R2.fastq.gz,CAAGCAGAAGACGGCATACGAGAT*GTGACTGGAGTTCAGACGTGTGCTCTTCCGATCT,AATGATACGGCGACCACCGAGATCTACACTCTTTCCCTACACGACGCTCTTCCGATCT,TTAGGATG,NA,Coturnix_coturnix,NA
I0224,/scratch/drabosky_flux/sosi/birds/Prum15/revised1/raw_reads/P0004_RP_I0224_CTCCAGAC_L001_R1.fastq.gz,/scratch/drabosky_flux/sosi/birds/Prum15/revised1/raw_reads/P0004_RP_I0224_CTCCAGAC_L001_R2.fastq.gz,CAAGCAGAAGACGGCATACGAGAT*GTGACTGGAGTTCAGACGTGTGCTCTTCCGATCT,AATGATACGGCGACCACCGAGATCTACACTCTTTCCCTACACGACGCTCTTCCGATCT,CTCCAGAC,NA,Crax_alector,NA
I0460,/scratch/drabosky_flux/sosi/birds/Prum15/revised1/raw_reads/P0004_RP_I0460_AACCATGC_L001_R1.fastq.gz,/scratch/drabosky_flux/sosi/birds/Prum15/revised1/raw_reads/P0004_RP_I0460_AACCATGC_L001_R2.fastq.gz,CAAGCAGAAGACGGCATACGAGAT*GTGACTGGAGTTCAGACGTGTGCTCTTCCGATCT,AATGATACGGCGACCACCGAGATCTACACTCTTTCCCTACACGACGCTCTTCCGATCT,AACCATGC,NA,Crocodylus_porosus,NA
I0230,/scratch/drabosky_flux/sosi/birds/Prum15/revised1/raw_reads/P0004_RP_I0230_GAACGCTG_L001_R1.fastq.gz,/scratch/drabosky_flux/sosi/birds/Prum15/revised1/raw_reads/P0004_RP_I0230_GAACGCTG_L001_R2.fastq.gz,CAAGCAGAAGACGGCATACGAGAT*GTGACTGGAGTTCAGACGTGTGCTCTTCCGATCT,AATGATACGGCGACCACCGAGATCTACACTCTTTCCCTACACGACGCTCTTCCGATCT,GAACGCTG,NA,Crypturellus_tataupa,NA
I0423,/scratch/drabosky_flux/sosi/birds/Prum15/revised1/raw_reads/P0004_RP_I0423_TCAGTTAA_L001_R1.fastq.gz,/scratch/drabosky_flux/sosi/birds/Prum15/revised1/raw_reads/P0004_RP_I0423_TCAGTTAA_L001_R2.fastq.gz,CAAGCAGAAGACGGCATACGAGAT*GTGACTGGAGTTCAGACGTGTGCTCTTCCGATCT,AATGATACGGCGACCACCGAGATCTACACTCTTTCCCTACACGACGCTCTTCCGATCT,TCAGTTAA,NA,Cuculus_optatus,NA
I0283,/scratch/drabosky_flux/sosi/birds/Prum15/revised1/raw_reads/P0004_RP_I0283_AACTGATA_L002_R1.fastq.gz,/scratch/drabosky_flux/sosi/birds/Prum15/revised1/raw_reads/P0004_RP_I0283_AACTGATA_L002_R2.fastq.gz,CAAGCAGAAGACGGCATACGAGAT*GTGACTGGAGTTCAGACGTGTGCTCTTCCGATCT,AATGATACGGCGACCACCGAGATCTACACTCTTTCCCTACACGACGCTCTTCCGATCT,AACTGATA,NA,Dendrocygna_viduata,NA
I0240,/scratch/drabosky_flux/sosi/birds/Prum15/revised1/raw_reads/P0004_RP_I0240_GCGTTAGC_L001_R1.fastq.gz,/scratch/drabosky_flux/sosi/birds/Prum15/revised1/raw_reads/P0004_RP_I0240_GCGTTAGC_L001_R2.fastq.gz,CAAGCAGAAGACGGCATACGAGAT*GTGACTGGAGTTCAGACGTGTGCTCTTCCGATCT,AATGATACGGCGACCACCGAGATCTACACTCTTTCCCTACACGACGCTCTTCCGATCT,GCGTTAGC,NA,Deroptyus_accipitrinus,NA
I0260,/scratch/drabosky_flux/sosi/birds/Prum15/revised1/raw_reads/P0004_RP_I0260_TGACGCGG_L001_R1.fastq.gz,/scratch/drabosky_flux/sosi/birds/Prum15/revised1/raw_reads/P0004_RP_I0260_TGACGCGG_L001_R2.fastq.gz,CAAGCAGAAGACGGCATACGAGAT*GTGACTGGAGTTCAGACGTGTGCTCTTCCGATCT,AATGATACGGCGACCACCGAGATCTACACTCTTTCCCTACACGACGCTCTTCCGATCT,TGACGCGG,NA,Dromaius_novaehollandiae,NA
I0430,/scratch/drabosky_flux/sosi/birds/Prum15/revised1/raw_reads/P0004_RP_I0430_TGGCGTTA_L002_R1.fastq.gz,/scratch/drabosky_flux/sosi/birds/Prum15/revised1/raw_reads/P0004_RP_I0430_TGGCGTTA_L002_R2.fastq.gz,CAAGCAGAAGACGGCATACGAGAT*GTGACTGGAGTTCAGACGTGTGCTCTTCCGATCT,AATGATACGGCGACCACCGAGATCTACACTCTTTCCCTACACGACGCTCTTCCGATCT,TGGCGTTA,NA,Elaenia_flavogaster,NA
I0385,/scratch/drabosky_flux/sosi/birds/Prum15/revised1/raw_reads/P0004_RP_I0385_CGCCAAGT_L001_R1.fastq.gz,/scratch/drabosky_flux/sosi/birds/Prum15/revised1/raw_reads/P0004_RP_I0385_CGCCAAGT_L001_R2.fastq.gz,CAAGCAGAAGACGGCATACGAGAT*GTGACTGGAGTTCAGACGTGTGCTCTTCCGATCT,AATGATACGGCGACCACCGAGATCTACACTCTTTCCCTACACGACGCTCTTCCGATCT,CGCCAAGT,NA,Elanus_leucurus,NA
I0432,/scratch/drabosky_flux/sosi/birds/Prum15/revised1/raw_reads/P0004_RP_I0432_TGGTCCTG_L002_R1.fastq.gz,/scratch/drabosky_flux/sosi/birds/Prum15/revised1/raw_reads/P0004_RP_I0432_TGGTCCTG_L002_R2.fastq.gz,CAAGCAGAAGACGGCATACGAGAT*GTGACTGGAGTTCAGACGTGTGCTCTTCCGATCT,AATGATACGGCGACCACCGAGATCTACACTCTTTCCCTACACGACGCTCTTCCGATCT,TGGTCCTG,NA,Eudromia_elegans,NA
I0399,/scratch/drabosky_flux/sosi/birds/Prum15/revised1/raw_reads/P0004_RP_I0399_GAACTAAG_L001_R1.fastq.gz,/scratch/drabosky_flux/sosi/birds/Prum15/revised1/raw_reads/P0004_RP_I0399_GAACTAAG_L001_R2.fastq.gz,CAAGCAGAAGACGGCATACGAGAT*GTGACTGGAGTTCAGACGTGTGCTCTTCCGATCT,AATGATACGGCGACCACCGAGATCTACACTCTTTCCCTACACGACGCTCTTCCGATCT,GAACTAAG,NA,Eurostopodus_macrotis,NA
I0387,/scratch/drabosky_flux/sosi/birds/Prum15/revised1/raw_reads/P0004_RP_I0387_CGTAGATC_L001_R1.fastq.gz,/scratch/drabosky_flux/sosi/birds/Prum15/revised1/raw_reads/P0004_RP_I0387_CGTAGATC_L001_R2.fastq.gz,CAAGCAGAAGACGGCATACGAGAT*GTGACTGGAGTTCAGACGTGTGCTCTTCCGATCT,AATGATACGGCGACCACCGAGATCTACACTCTTTCCCTACACGACGCTCTTCCGATCT,CGTAGATC,NA,Eurylaimus_ochromalus,NA
I0396,/scratch/drabosky_flux/sosi/birds/Prum15/revised1/raw_reads/P0004_RP_I0396_GAACCGTT_L002_R1.fastq.gz,/scratch/drabosky_flux/sosi/birds/Prum15/revised1/raw_reads/P0004_RP_I0396_GAACCGTT_L002_R2.fastq.gz,CAAGCAGAAGACGGCATACGAGAT*GTGACTGGAGTTCAGACGTGTGCTCTTCCGATCT,AATGATACGGCGACCACCGAGATCTACACTCTTTCCCTACACGACGCTCTTCCGATCT,GAACCGTT,NA,Eurypyga_helias,NA
I0236,/scratch/drabosky_flux/sosi/birds/Prum15/revised1/raw_reads/P0004_RP_I0236_GCAATCGC_L001_R1.fastq.gz,/scratch/drabosky_flux/sosi/birds/Prum15/revised1/raw_reads/P0004_RP_I0236_GCAATCGC_L001_R2.fastq.gz,CAAGCAGAAGACGGCATACGAGAT*GTGACTGGAGTTCAGACGTGTGCTCTTCCGATCT,AATGATACGGCGACCACCGAGATCTACACTCTTTCCCTACACGACGCTCTTCCGATCT,GCAATCGC,NA,Falco_sparverius,NA
I0384,/scratch/drabosky_flux/sosi/birds/Prum15/revised1/raw_reads/P0004_RP_I0384_CGAAGCTG_L002_R1.fastq.gz,/scratch/drabosky_flux/sosi/birds/Prum15/revised1/raw_reads/P0004_RP_I0384_CGAAGCTG_L002_R2.fastq.gz,CAAGCAGAAGACGGCATACGAGAT*GTGACTGGAGTTCAGACGTGTGCTCTTCCGATCT,AATGATACGGCGACCACCGAGATCTACACTCTTTCCCTACACGACGCTCTTCCGATCT,CGAAGCTG,NA,Fregata_magnificens,NA
I0232,/scratch/drabosky_flux/sosi/birds/Prum15/revised1/raw_reads/P0004_RP_I0232_GAACTAAG_L001_R1.fastq.gz,/scratch/drabosky_flux/sosi/birds/Prum15/revised1/raw_reads/P0004_RP_I0232_GAACTAAG_L001_R2.fastq.gz,CAAGCAGAAGACGGCATACGAGAT*GTGACTGGAGTTCAGACGTGTGCTCTTCCGATCT,AATGATACGGCGACCACCGAGATCTACACTCTTTCCCTACACGACGCTCTTCCGATCT,GAACTAAG,NA,Fringilla_coelebs,NA
I0404,/scratch/drabosky_flux/sosi/birds/Prum15/revised1/raw_reads/P0004_RP_I0404_GCATGGCG_L002_R1.fastq.gz,/scratch/drabosky_flux/sosi/birds/Prum15/revised1/raw_reads/P0004_RP_I0404_GCATGGCG_L002_R2.fastq.gz,CAAGCAGAAGACGGCATACGAGAT*GTGACTGGAGTTCAGACGTGTGCTCTTCCGATCT,AATGATACGGCGACCACCGAGATCTACACTCTTTCCCTACACGACGCTCTTCCGATCT,GCATGGCG,NA,Fulmarus_glacialoides,NA
I0200,/scratch/drabosky_flux/sosi/birds/Prum15/revised1/raw_reads/P0004_RP_I0200_AGGTCGAA_L001_R1.fastq.gz,/scratch/drabosky_flux/sosi/birds/Prum15/revised1/raw_reads/P0004_RP_I0200_AGGTCGAA_L001_R2.fastq.gz,CAAGCAGAAGACGGCATACGAGAT*GTGACTGGAGTTCAGACGTGTGCTCTTCCGATCT,AATGATACGGCGACCACCGAGATCTACACTCTTTCCCTACACGACGCTCTTCCGATCT,AGGTCGAA,NA,Furnarius_rufus,NA
I0273,/scratch/drabosky_flux/sosi/birds/Prum15/revised1/raw_reads/P0004_RP_I0273_TTCGTCGG_L002_R1.fastq.gz,/scratch/drabosky_flux/sosi/birds/Prum15/revised1/raw_reads/P0004_RP_I0273_TTCGTCGG_L002_R2.fastq.gz,CAAGCAGAAGACGGCATACGAGAT*GTGACTGGAGTTCAGACGTGTGCTCTTCCGATCT,AATGATACGGCGACCACCGAGATCTACACTCTTTCCCTACACGACGCTCTTCCGATCT,TTCGTCGG,NA,Galbula_dea,NA
I0374,/scratch/drabosky_flux/sosi/birds/Prum15/revised1/raw_reads/P0004_RP_I0374_CAGTCAGA_L002_R1.fastq.gz,/scratch/drabosky_flux/sosi/birds/Prum15/revised1/raw_reads/P0004_RP_I0374_CAGTCAGA_L002_R2.fastq.gz,CAAGCAGAAGACGGCATACGAGAT*GTGACTGGAGTTCAGACGTGTGCTCTTCCGATCT,AATGATACGGCGACCACCGAGATCTACACTCTTTCCCTACACGACGCTCTTCCGATCT,CAGTCAGA,NA,Gallus_gallus,NA
I0449,/scratch/drabosky_flux/sosi/birds/Prum15/revised1/raw_reads/P0004_RP_I0449_TTCGTCGG_L002_R1.fastq.gz,/scratch/drabosky_flux/sosi/birds/Prum15/revised1/raw_reads/P0004_RP_I0449_TTCGTCGG_L002_R2.fastq.gz,CAAGCAGAAGACGGCATACGAGAT*GTGACTGGAGTTCAGACGTGTGCTCTTCCGATCT,AATGATACGGCGACCACCGAGATCTACACTCTTTCCCTACACGACGCTCTTCCGATCT,TTCGTCGG,NA,Gavia_immer,NA
I0401,/scratch/drabosky_flux/sosi/birds/Prum15/revised1/raw_reads/P0004_RP_I0401_GATGCGCT_L001_R1.fastq.gz,/scratch/drabosky_flux/sosi/birds/Prum15/revised1/raw_reads/P0004_RP_I0401_GATGCGCT_L001_R2.fastq.gz,CAAGCAGAAGACGGCATACGAGAT*GTGACTGGAGTTCAGACGTGTGCTCTTCCGATCT,AATGATACGGCGACCACCGAGATCTACACTCTTTCCCTACACGACGCTCTTCCGATCT,GATGCGCT,NA,Glareola_nuchalis,NA
I0405,/scratch/drabosky_flux/sosi/birds/Prum15/revised1/raw_reads/P0004_RP_I0405_GCATTGGT_L001_R1.fastq.gz,/scratch/drabosky_flux/sosi/birds/Prum15/revised1/raw_reads/P0004_RP_I0405_GCATTGGT_L001_R2.fastq.gz,CAAGCAGAAGACGGCATACGAGAT*GTGACTGGAGTTCAGACGTGTGCTCTTCCGATCT,AATGATACGGCGACCACCGAGATCTACACTCTTTCCCTACACGACGCTCTTCCGATCT,GCATTGGT,NA,Grus_canadensis,NA
I0289,/scratch/drabosky_flux/sosi/birds/Prum15/revised1/raw_reads/P0004_RP_I0289_ACCGAATG_L002_R1.fastq.gz,/scratch/drabosky_flux/sosi/birds/Prum15/revised1/raw_reads/P0004_RP_I0289_ACCGAATG_L002_R2.fastq.gz,CAAGCAGAAGACGGCATACGAGAT*GTGACTGGAGTTCAGACGTGTGCTCTTCCGATCT,AATGATACGGCGACCACCGAGATCTACACTCTTTCCCTACACGACGCTCTTCCGATCT,ACCGAATG,NA,Haematopus_palliatus,NA
I0204,/scratch/drabosky_flux/sosi/birds/Prum15/revised1/raw_reads/P0004_RP_I0204_CAACCATC_L001_R1.fastq.gz,/scratch/drabosky_flux/sosi/birds/Prum15/revised1/raw_reads/P0004_RP_I0204_CAACCATC_L001_R2.fastq.gz,CAAGCAGAAGACGGCATACGAGAT*GTGACTGGAGTTCAGACGTGTGCTCTTCCGATCT,AATGATACGGCGACCACCGAGATCTACACTCTTTCCCTACACGACGCTCTTCCGATCT,CAACCATC,NA,Harpiprion_caerulescens,NA
I0378,/scratch/drabosky_flux/sosi/birds/Prum15/revised1/raw_reads/P0004_RP_I0378_CCATGCGC_L002_R1.fastq.gz,/scratch/drabosky_flux/sosi/birds/Prum15/revised1/raw_reads/P0004_RP_I0378_CCATGCGC_L002_R2.fastq.gz,CAAGCAGAAGACGGCATACGAGAT*GTGACTGGAGTTCAGACGTGTGCTCTTCCGATCT,AATGATACGGCGACCACCGAGATCTACACTCTTTCCCTACACGACGCTCTTCCGATCT,CCATGCGC,NA,Heliornis_fulica,NA
I0388,/scratch/drabosky_flux/sosi/birds/Prum15/revised1/raw_reads/P0004_RP_I0388_CGTCCAGA_L002_R1.fastq.gz,/scratch/drabosky_flux/sosi/birds/Prum15/revised1/raw_reads/P0004_RP_I0388_CGTCCAGA_L002_R2.fastq.gz,CAAGCAGAAGACGGCATACGAGAT*GTGACTGGAGTTCAGACGTGTGCTCTTCCGATCT,AATGATACGGCGACCACCGAGATCTACACTCTTTCCCTACACGACGCTCTTCCGATCT,CGTCCAGA,NA,Hemiprocne_comata,NA
I0205,/scratch/drabosky_flux/sosi/birds/Prum15/revised1/raw_reads/P0004_RP_I0205_CAAGGCCG_L002_R1.fastq.gz,/scratch/drabosky_flux/sosi/birds/Prum15/revised1/raw_reads/P0004_RP_I0205_CAAGGCCG_L002_R2.fastq.gz,CAAGCAGAAGACGGCATACGAGAT*GTGACTGGAGTTCAGACGTGTGCTCTTCCGATCT,AATGATACGGCGACCACCGAGATCTACACTCTTTCCCTACACGACGCTCTTCCGATCT,CAAGGCCG,NA,Hirundinea_ferruginea,NA
I0203,/scratch/drabosky_flux/sosi/birds/Prum15/revised1/raw_reads/P0004_RP_I0203_ATCGGTTC_L002_R1.fastq.gz,/scratch/drabosky_flux/sosi/birds/Prum15/revised1/raw_reads/P0004_RP_I0203_ATCGGTTC_L002_R2.fastq.gz,CAAGCAGAAGACGGCATACGAGAT*GTGACTGGAGTTCAGACGTGTGCTCTTCCGATCT,AATGATACGGCGACCACCGAGATCTACACTCTTTCCCTACACGACGCTCTTCCGATCT,ATCGGTTC,NA,Hymenops_perspicillatus,NA
I0264,/scratch/drabosky_flux/sosi/birds/Prum15/revised1/raw_reads/P0004_RP_I0264_TGGTATGA_L001_R1.fastq.gz,/scratch/drabosky_flux/sosi/birds/Prum15/revised1/raw_reads/P0004_RP_I0264_TGGTATGA_L001_R2.fastq.gz,CAAGCAGAAGACGGCATACGAGAT*GTGACTGGAGTTCAGACGTGTGCTCTTCCGATCT,AATGATACGGCGACCACCGAGATCTACACTCTTTCCCTACACGACGCTCTTCCGATCT,TGGTATGA,NA,Ibycter_americanus,NA
I0191,/scratch/drabosky_flux/sosi/birds/Prum15/revised1/raw_reads/P0004_RP_I0191_AATAACTG_L002_R1.fastq.gz,/scratch/drabosky_flux/sosi/birds/Prum15/revised1/raw_reads/P0004_RP_I0191_AATAACTG_L002_R2.fastq.gz,CAAGCAGAAGACGGCATACGAGAT*GTGACTGGAGTTCAGACGTGTGCTCTTCCGATCT,AATGATACGGCGACCACCGAGATCTACACTCTTTCCCTACACGACGCTCTTCCGATCT,AATAACTG,NA,Indicator_exilis,NA
I0420,/scratch/drabosky_flux/sosi/birds/Prum15/revised1/raw_reads/P0004_RP_I0420_GTTCTACG_L002_R1.fastq.gz,/scratch/drabosky_flux/sosi/birds/Prum15/revised1/raw_reads/P0004_RP_I0420_GTTCTACG_L002_R2.fastq.gz,CAAGCAGAAGACGGCATACGAGAT*GTGACTGGAGTTCAGACGTGTGCTCTTCCGATCT,AATGATACGGCGACCACCGAGATCTACACTCTTTCCCTACACGACGCTCTTCCGATCT,GTTCTACG,NA,Ixobrychus_minutus,NA
I0279,/scratch/drabosky_flux/sosi/birds/Prum15/revised1/raw_reads/P0004_RP_I0279_TTGGCTCC_L002_R1.fastq.gz,/scratch/drabosky_flux/sosi/birds/Prum15/revised1/raw_reads/P0004_RP_I0279_TTGGCTCC_L002_R2.fastq.gz,CAAGCAGAAGACGGCATACGAGAT*GTGACTGGAGTTCAGACGTGTGCTCTTCCGATCT,AATGATACGGCGACCACCGAGATCTACACTCTTTCCCTACACGACGCTCTTCCGATCT,TTGGCTCC,NA,Jacana_jacana,NA
I0213,/scratch/drabosky_flux/sosi/birds/Prum15/revised1/raw_reads/P0004_RP_I0213_CCGGCGAC_L002_R1.fastq.gz,/scratch/drabosky_flux/sosi/birds/Prum15/revised1/raw_reads/P0004_RP_I0213_CCGGCGAC_L002_R2.fastq.gz,CAAGCAGAAGACGGCATACGAGAT*GTGACTGGAGTTCAGACGTGTGCTCTTCCGATCT,AATGATACGGCGACCACCGAGATCTACACTCTTTCCCTACACGACGCTCTTCCGATCT,CCGGCGAC,NA,Jynx_torquilla,NA
I0256,/scratch/drabosky_flux/sosi/birds/Prum15/revised1/raw_reads/P0004_RP_I0256_TCAGTTAA_L001_R1.fastq.gz,/scratch/drabosky_flux/sosi/birds/Prum15/revised1/raw_reads/P0004_RP_I0256_TCAGTTAA_L001_R2.fastq.gz,CAAGCAGAAGACGGCATACGAGAT*GTGACTGGAGTTCAGACGTGTGCTCTTCCGATCT,AATGATACGGCGACCACCGAGATCTACACTCTTTCCCTACACGACGCTCTTCCGATCT,TCAGTTAA,NA,Leipoa_ocellata,NA
I0242,/scratch/drabosky_flux/sosi/birds/Prum15/revised1/raw_reads/P0004_RP_I0242_GCTTGATG_L001_R1.fastq.gz,/scratch/drabosky_flux/sosi/birds/Prum15/revised1/raw_reads/P0004_RP_I0242_GCTTGATG_L001_R2.fastq.gz,CAAGCAGAAGACGGCATACGAGAT*GTGACTGGAGTTCAGACGTGTGCTCTTCCGATCT,AATGATACGGCGACCACCGAGATCTACACTCTTTCCCTACACGACGCTCTTCCGATCT,GCTTGATG,NA,Lepidocolaptes_angustirostris,NA
I0376,/scratch/drabosky_flux/sosi/birds/Prum15/revised1/raw_reads/P0004_RP_I0376_CCATAGTC_L002_R1.fastq.gz,/scratch/drabosky_flux/sosi/birds/Prum15/revised1/raw_reads/P0004_RP_I0376_CCATAGTC_L002_R2.fastq.gz,CAAGCAGAAGACGGCATACGAGAT*GTGACTGGAGTTCAGACGTGTGCTCTTCCGATCT,AATGATACGGCGACCACCGAGATCTACACTCTTTCCCTACACGACGCTCTTCCGATCT,CCATAGTC,NA,Leptoptilos_crumeniferus,NA
I0367,/scratch/drabosky_flux/sosi/birds/Prum15/revised1/raw_reads/P0004_RP_I0367_AGGTCGAA_L001_R1.fastq.gz,/scratch/drabosky_flux/sosi/birds/Prum15/revised1/raw_reads/P0004_RP_I0367_AGGTCGAA_L001_R2.fastq.gz,CAAGCAGAAGACGGCATACGAGAT*GTGACTGGAGTTCAGACGTGTGCTCTTCCGATCT,AATGATACGGCGACCACCGAGATCTACACTCTTTCCCTACACGACGCTCTTCCGATCT,AGGTCGAA,NA,Leptosomus_discolor,NA
I0221,/scratch/drabosky_flux/sosi/birds/Prum15/revised1/raw_reads/P0004_RP_I0221_CGTCCAGA_L002_R1.fastq.gz,/scratch/drabosky_flux/sosi/birds/Prum15/revised1/raw_reads/P0004_RP_I0221_CGTCCAGA_L002_R2.fastq.gz,CAAGCAGAAGACGGCATACGAGAT*GTGACTGGAGTTCAGACGTGTGCTCTTCCGATCT,AATGATACGGCGACCACCGAGATCTACACTCTTTCCCTACACGACGCTCTTCCGATCT,CGTCCAGA,NA,Leptotila_rufaxilla,NA
I0431,/scratch/drabosky_flux/sosi/birds/Prum15/revised1/raw_reads/P0004_RP_I0431_TGGTATGA_L001_R1.fastq.gz,/scratch/drabosky_flux/sosi/birds/Prum15/revised1/raw_reads/P0004_RP_I0431_TGGTATGA_L001_R2.fastq.gz,CAAGCAGAAGACGGCATACGAGAT*GTGACTGGAGTTCAGACGTGTGCTCTTCCGATCT,AATGATACGGCGACCACCGAGATCTACACTCTTTCCCTACACGACGCTCTTCCGATCT,TGGTATGA,NA,Limosa_lapponica,NA
I0457,/scratch/drabosky_flux/sosi/birds/Prum15/revised1/raw_reads/P0004_RP_I0457_AACCAACG_L001_R1.fastq.gz,/scratch/drabosky_flux/sosi/birds/Prum15/revised1/raw_reads/P0004_RP_I0457_AACCAACG_L001_R2.fastq.gz,CAAGCAGAAGACGGCATACGAGAT*GTGACTGGAGTTCAGACGTGTGCTCTTCCGATCT,AATGATACGGCGACCACCGAGATCTACACTCTTTCCCTACACGACGCTCTTCCGATCT,AACCAACG,NA,Lophorina_superba,NA
I0381,/scratch/drabosky_flux/sosi/birds/Prum15/revised1/raw_reads/P0004_RP_I0381_CCGTCTGC_L001_R1.fastq.gz,/scratch/drabosky_flux/sosi/birds/Prum15/revised1/raw_reads/P0004_RP_I0381_CCGTCTGC_L001_R2.fastq.gz,CAAGCAGAAGACGGCATACGAGAT*GTGACTGGAGTTCAGACGTGTGCTCTTCCGATCT,AATGATACGGCGACCACCGAGATCTACACTCTTTCCCTACACGACGCTCTTCCGATCT,CCGTCTGC,NA,Malurus_splendens,NA
I0397,/scratch/drabosky_flux/sosi/birds/Prum15/revised1/raw_reads/P0004_RP_I0397_GAACGCTG_L001_R1.fastq.gz,/scratch/drabosky_flux/sosi/birds/Prum15/revised1/raw_reads/P0004_RP_I0397_GAACGCTG_L001_R2.fastq.gz,CAAGCAGAAGACGGCATACGAGAT*GTGACTGGAGTTCAGACGTGTGCTCTTCCGATCT,AATGATACGGCGACCACCGAGATCTACACTCTTTCCCTACACGACGCTCTTCCGATCT,GAACGCTG,NA,Megalaima_chrysopogon,NA
I0377,/scratch/drabosky_flux/sosi/birds/Prum15/revised1/raw_reads/P0004_RP_I0377_CCATCTTA_L001_R1.fastq.gz,/scratch/drabosky_flux/sosi/birds/Prum15/revised1/raw_reads/P0004_RP_I0377_CCATCTTA_L001_R2.fastq.gz,CAAGCAGAAGACGGCATACGAGAT*GTGACTGGAGTTCAGACGTGTGCTCTTCCGATCT,AATGATACGGCGACCACCGAGATCTACACTCTTTCCCTACACGACGCTCTTCCGATCT,CCATCTTA,NA,Melanopareia_maximiliani,NA
I0415,/scratch/drabosky_flux/sosi/birds/Prum15/revised1/raw_reads/P0004_RP_I0415_GGTCGGCG_L001_R1.fastq.gz,/scratch/drabosky_flux/sosi/birds/Prum15/revised1/raw_reads/P0004_RP_I0415_GGTCGGCG_L001_R2.fastq.gz,CAAGCAGAAGACGGCATACGAGAT*GTGACTGGAGTTCAGACGTGTGCTCTTCCGATCT,AATGATACGGCGACCACCGAGATCTACACTCTTTCCCTACACGACGCTCTTCCGATCT,GGTCGGCG,NA,Menura_novaehollandiae,NA
I0199,/scratch/drabosky_flux/sosi/birds/Prum15/revised1/raw_reads/P0004_RP_I0199_AGCTAGAG_L002_R1.fastq.gz,/scratch/drabosky_flux/sosi/birds/Prum15/revised1/raw_reads/P0004_RP_I0199_AGCTAGAG_L002_R2.fastq.gz,CAAGCAGAAGACGGCATACGAGAT*GTGACTGGAGTTCAGACGTGTGCTCTTCCGATCT,AATGATACGGCGACCACCGAGATCTACACTCTTTCCCTACACGACGCTCTTCCGATCT,AGCTAGAG,NA,Merops_muelleri,NA
I0363,/scratch/drabosky_flux/sosi/birds/Prum15/revised1/raw_reads/P0004_RP_I0363_AGAACGAC_L001_R1.fastq.gz,/scratch/drabosky_flux/sosi/birds/Prum15/revised1/raw_reads/P0004_RP_I0363_AGAACGAC_L001_R2.fastq.gz,CAAGCAGAAGACGGCATACGAGAT*GTGACTGGAGTTCAGACGTGTGCTCTTCCGATCT,AATGATACGGCGACCACCGAGATCTACACTCTTTCCCTACACGACGCTCTTCCGATCT,AGAACGAC,NA,Mesitornis_unicolor,NA
I0216,/scratch/drabosky_flux/sosi/birds/Prum15/revised1/raw_reads/P0004_RP_I0216_CCTCTCAT_L001_R1.fastq.gz,/scratch/drabosky_flux/sosi/birds/Prum15/revised1/raw_reads/P0004_RP_I0216_CCTCTCAT_L001_R2.fastq.gz,CAAGCAGAAGACGGCATACGAGAT*GTGACTGGAGTTCAGACGTGTGCTCTTCCGATCT,AATGATACGGCGACCACCGAGATCTACACTCTTTCCCTACACGACGCTCTTCCGATCT,CCTCTCAT,NA,Micrastur_gilvicollis,NA
I0425,/scratch/drabosky_flux/sosi/birds/Prum15/revised1/raw_reads/P0004_RP_I0425_TCGTTCGA_L001_R1.fastq.gz,/scratch/drabosky_flux/sosi/birds/Prum15/revised1/raw_reads/P0004_RP_I0425_TCGTTCGA_L001_R2.fastq.gz,CAAGCAGAAGACGGCATACGAGAT*GTGACTGGAGTTCAGACGTGTGCTCTTCCGATCT,AATGATACGGCGACCACCGAGATCTACACTCTTTCCCTACACGACGCTCTTCCGATCT,TCGTTCGA,NA,Micropygia_schomburgkii,NA
I0186,/scratch/drabosky_flux/sosi/birds/Prum15/revised1/raw_reads/P0004_RP_I0186_AACGATAG_L001_R1.fastq.gz,/scratch/drabosky_flux/sosi/birds/Prum15/revised1/raw_reads/P0004_RP_I0186_AACGATAG_L001_R2.fastq.gz,CAAGCAGAAGACGGCATACGAGAT*GTGACTGGAGTTCAGACGTGTGCTCTTCCGATCT,AATGATACGGCGACCACCGAGATCTACACTCTTTCCCTACACGACGCTCTTCCGATCT,AACGATAG,NA,Momotus_lessonii,NA
I0366,/scratch/drabosky_flux/sosi/birds/Prum15/revised1/raw_reads/P0004_RP_I0366_AGCTAGAG_L002_R1.fastq.gz,/scratch/drabosky_flux/sosi/birds/Prum15/revised1/raw_reads/P0004_RP_I0366_AGCTAGAG_L002_R2.fastq.gz,CAAGCAGAAGACGGCATACGAGAT*GTGACTGGAGTTCAGACGTGTGCTCTTCCGATCT,AATGATACGGCGACCACCGAGATCTACACTCTTTCCCTACACGACGCTCTTCCGATCT,AGCTAGAG,NA,Monias_benschi,NA
I0254,/scratch/drabosky_flux/sosi/birds/Prum15/revised1/raw_reads/P0004_RP_I0254_GTTGCAAC_L001_R1.fastq.gz,/scratch/drabosky_flux/sosi/birds/Prum15/revised1/raw_reads/P0004_RP_I0254_GTTGCAAC_L001_R2.fastq.gz,CAAGCAGAAGACGGCATACGAGAT*GTGACTGGAGTTCAGACGTGTGCTCTTCCGATCT,AATGATACGGCGACCACCGAGATCTACACTCTTTCCCTACACGACGCTCTTCCGATCT,GTTGCAAC,NA,Morus_serrator,NA
I0218,/scratch/drabosky_flux/sosi/birds/Prum15/revised1/raw_reads/P0004_RP_I0218_CGCCAAGT_L001_R1.fastq.gz,/scratch/drabosky_flux/sosi/birds/Prum15/revised1/raw_reads/P0004_RP_I0218_CGCCAAGT_L001_R2.fastq.gz,CAAGCAGAAGACGGCATACGAGAT*GTGACTGGAGTTCAGACGTGTGCTCTTCCGATCT,AATGATACGGCGACCACCGAGATCTACACTCTTTCCCTACACGACGCTCTTCCGATCT,CGCCAAGT,NA,Myiobius_barbatus,NA
I0237,/scratch/drabosky_flux/sosi/birds/Prum15/revised1/raw_reads/P0004_RP_I0237_GCATGGCG_L002_R1.fastq.gz,/scratch/drabosky_flux/sosi/birds/Prum15/revised1/raw_reads/P0004_RP_I0237_GCATGGCG_L002_R2.fastq.gz,CAAGCAGAAGACGGCATACGAGAT*GTGACTGGAGTTCAGACGTGTGCTCTTCCGATCT,AATGATACGGCGACCACCGAGATCTACACTCTTTCCCTACACGACGCTCTTCCGATCT,GCATGGCG,NA,Myrmornis_torquata,NA
I0429,/scratch/drabosky_flux/sosi/birds/Prum15/revised1/raw_reads/P0004_RP_I0429_TGGAGTAC_L001_R1.fastq.gz,/scratch/drabosky_flux/sosi/birds/Prum15/revised1/raw_reads/P0004_RP_I0429_TGGAGTAC_L001_R2.fastq.gz,CAAGCAGAAGACGGCATACGAGAT*GTGACTGGAGTTCAGACGTGTGCTCTTCCGATCT,AATGATACGGCGACCACCGAGATCTACACTCTTTCCCTACACGACGCTCTTCCGATCT,TGGAGTAC,NA,Myrmothera_campanisona,NA
I0438,/scratch/drabosky_flux/sosi/birds/Prum15/revised1/raw_reads/P0004_RP_I0438_TTACTTCT_L001_R1.fastq.gz,/scratch/drabosky_flux/sosi/birds/Prum15/revised1/raw_reads/P0004_RP_I0438_TTACTTCT_L001_R2.fastq.gz,CAAGCAGAAGACGGCATACGAGAT*GTGACTGGAGTTCAGACGTGTGCTCTTCCGATCT,AATGATACGGCGACCACCGAGATCTACACTCTTTCCCTACACGACGCTCTTCCGATCT,TTACTTCT,NA,Neodrepanis_coruscans,NA
I0228,/scratch/drabosky_flux/sosi/birds/Prum15/revised1/raw_reads/P0004_RP_I0228_CTTGGCCT_L001_R1.fastq.gz,/scratch/drabosky_flux/sosi/birds/Prum15/revised1/raw_reads/P0004_RP_I0228_CTTGGCCT_L001_R2.fastq.gz,CAAGCAGAAGACGGCATACGAGAT*GTGACTGGAGTTCAGACGTGTGCTCTTCCGATCT,AATGATACGGCGACCACCGAGATCTACACTCTTTCCCTACACGACGCTCTTCCGATCT,CTTGGCCT,NA,Neopelma_chrysocephalum,NA
I0389,/scratch/drabosky_flux/sosi/birds/Prum15/revised1/raw_reads/P0004_RP_I0389_CGTTCGCT_L001_R1.fastq.gz,/scratch/drabosky_flux/sosi/birds/Prum15/revised1/raw_reads/P0004_RP_I0389_CGTTCGCT_L001_R2.fastq.gz,CAAGCAGAAGACGGCATACGAGAT*GTGACTGGAGTTCAGACGTGTGCTCTTCCGATCT,AATGATACGGCGACCACCGAGATCTACACTCTTTCCCTACACGACGCTCTTCCGATCT,CGTTCGCT,NA,Nestor_meridionalis,NA
I0229,/scratch/drabosky_flux/sosi/birds/Prum15/revised1/raw_reads/P0004_RP_I0229_GAACCGTT_L002_R1.fastq.gz,/scratch/drabosky_flux/sosi/birds/Prum15/revised1/raw_reads/P0004_RP_I0229_GAACCGTT_L002_R2.fastq.gz,CAAGCAGAAGACGGCATACGAGAT*GTGACTGGAGTTCAGACGTGTGCTCTTCCGATCT,AATGATACGGCGACCACCGAGATCTACACTCTTTCCCTACACGACGCTCTTCCGATCT,GAACCGTT,NA,Nothoprocta_ornata,NA
I0448,/scratch/drabosky_flux/sosi/birds/Prum15/revised1/raw_reads/P0004_RP_I0448_TTCGATGA_L001_R1.fastq.gz,/scratch/drabosky_flux/sosi/birds/Prum15/revised1/raw_reads/P0004_RP_I0448_TTCGATGA_L001_R2.fastq.gz,CAAGCAGAAGACGGCATACGAGAT*GTGACTGGAGTTCAGACGTGTGCTCTTCCGATCT,AATGATACGGCGACCACCGAGATCTACACTCTTTCCCTACACGACGCTCTTCCGATCT,TTCGATGA,NA,Numida_malagris,NA
I0249,/scratch/drabosky_flux/sosi/birds/Prum15/revised1/raw_reads/P0004_RP_I0249_GGTTAGTC_L002_R1.fastq.gz,/scratch/drabosky_flux/sosi/birds/Prum15/revised1/raw_reads/P0004_RP_I0249_GGTTAGTC_L002_R2.fastq.gz,CAAGCAGAAGACGGCATACGAGAT*GTGACTGGAGTTCAGACGTGTGCTCTTCCGATCT,AATGATACGGCGACCACCGAGATCTACACTCTTTCCCTACACGACGCTCTTCCGATCT,GGTTAGTC,NA,Nyctibius_griseus,NA
I0362,/scratch/drabosky_flux/sosi/birds/Prum15/revised1/raw_reads/P0004_RP_I0362_ACTGCTCT_L002_R1.fastq.gz,/scratch/drabosky_flux/sosi/birds/Prum15/revised1/raw_reads/P0004_RP_I0362_ACTGCTCT_L002_R2.fastq.gz,CAAGCAGAAGACGGCATACGAGAT*GTGACTGGAGTTCAGACGTGTGCTCTTCCGATCT,AATGATACGGCGACCACCGAGATCTACACTCTTTCCCTACACGACGCTCTTCCGATCT,ACTGCTCT,NA,Oceanites_oceanicus,NA
I0282,/scratch/drabosky_flux/sosi/birds/Prum15/revised1/raw_reads/P0004_RP_I0282_AACGATAG_L001_R1.fastq.gz,/scratch/drabosky_flux/sosi/birds/Prum15/revised1/raw_reads/P0004_RP_I0282_AACGATAG_L001_R2.fastq.gz,CAAGCAGAAGACGGCATACGAGAT*GTGACTGGAGTTCAGACGTGTGCTCTTCCGATCT,AATGATACGGCGACCACCGAGATCTACACTCTTTCCCTACACGACGCTCTTCCGATCT,AACGATAG,NA,Oceanodroma_leucorhoa,NA
I0226,/scratch/drabosky_flux/sosi/birds/Prum15/revised1/raw_reads/P0004_RP_I0226_CTGAGCAT_L001_R1.fastq.gz,/scratch/drabosky_flux/sosi/birds/Prum15/revised1/raw_reads/P0004_RP_I0226_CTGAGCAT_L001_R2.fastq.gz,CAAGCAGAAGACGGCATACGAGAT*GTGACTGGAGTTCAGACGTGTGCTCTTCCGATCT,AATGATACGGCGACCACCGAGATCTACACTCTTTCCCTACACGACGCTCTTCCGATCT,CTGAGCAT,NA,Odontophorus_gujanensis,NA
I0369,/scratch/drabosky_flux/sosi/birds/Prum15/revised1/raw_reads/P0004_RP_I0369_ATATCGAT_L001_R1.fastq.gz,/scratch/drabosky_flux/sosi/birds/Prum15/revised1/raw_reads/P0004_RP_I0369_ATATCGAT_L001_R2.fastq.gz,CAAGCAGAAGACGGCATACGAGAT*GTGACTGGAGTTCAGACGTGTGCTCTTCCGATCT,AATGATACGGCGACCACCGAGATCTACACTCTTTCCCTACACGACGCTCTTCCGATCT,ATATCGAT,NA,Opisthocomus_hoazin,NA
I0426,/scratch/drabosky_flux/sosi/birds/Prum15/revised1/raw_reads/P0004_RP_I0426_TCTATTCG_L002_R1.fastq.gz,/scratch/drabosky_flux/sosi/birds/Prum15/revised1/raw_reads/P0004_RP_I0426_TCTATTCG_L002_R2.fastq.gz,CAAGCAGAAGACGGCATACGAGAT*GTGACTGGAGTTCAGACGTGTGCTCTTCCGATCT,AATGATACGGCGACCACCGAGATCTACACTCTTTCCCTACACGACGCTCTTCCGATCT,TCTATTCG,NA,Ortalis_motmot,NA
I0262,/scratch/drabosky_flux/sosi/birds/Prum15/revised1/raw_reads/P0004_RP_I0262_TGGAGTAC_L001_R1.fastq.gz,/scratch/drabosky_flux/sosi/birds/Prum15/revised1/raw_reads/P0004_RP_I0262_TGGAGTAC_L001_R2.fastq.gz,CAAGCAGAAGACGGCATACGAGAT*GTGACTGGAGTTCAGACGTGTGCTCTTCCGATCT,AATGATACGGCGACCACCGAGATCTACACTCTTTCCCTACACGACGCTCTTCCGATCT,TGGAGTAC,NA,Oxyruncus_cristatus,NA
I0257,/scratch/drabosky_flux/sosi/birds/Prum15/revised1/raw_reads/P0004_RP_I0257_TCCGTATA_L002_R1.fastq.gz,/scratch/drabosky_flux/sosi/birds/Prum15/revised1/raw_reads/P0004_RP_I0257_TCCGTATA_L002_R2.fastq.gz,CAAGCAGAAGACGGCATACGAGAT*GTGACTGGAGTTCAGACGTGTGCTCTTCCGATCT,AATGATACGGCGACCACCGAGATCTACACTCTTTCCCTACACGACGCTCTTCCGATCT,TCCGTATA,NA,Oxyura_jamaicensis,NA
I0450,/scratch/drabosky_flux/sosi/birds/Prum15/revised1/raw_reads/P0004_RP_I0450_TTGACTAG_L001_R1.fastq.gz,/scratch/drabosky_flux/sosi/birds/Prum15/revised1/raw_reads/P0004_RP_I0450_TTGACTAG_L001_R2.fastq.gz,CAAGCAGAAGACGGCATACGAGAT*GTGACTGGAGTTCAGACGTGTGCTCTTCCGATCT,AATGATACGGCGACCACCGAGATCTACACTCTTTCCCTACACGACGCTCTTCCGATCT,TTGACTAG,NA,Pandion_haliaetus,NA
I0412,/scratch/drabosky_flux/sosi/birds/Prum15/revised1/raw_reads/P0004_RP_I0412_GGCTTGAA_L002_R1.fastq.gz,/scratch/drabosky_flux/sosi/birds/Prum15/revised1/raw_reads/P0004_RP_I0412_GGCTTGAA_L002_R2.fastq.gz,CAAGCAGAAGACGGCATACGAGAT*GTGACTGGAGTTCAGACGTGTGCTCTTCCGATCT,AATGATACGGCGACCACCGAGATCTACACTCTTTCCCTACACGACGCTCTTCCGATCT,GGCTTGAA,NA,Pelagodroma_marina,NA
I0386,/scratch/drabosky_flux/sosi/birds/Prum15/revised1/raw_reads/P0004_RP_I0386_CGCCTGGC_L002_R1.fastq.gz,/scratch/drabosky_flux/sosi/birds/Prum15/revised1/raw_reads/P0004_RP_I0386_CGCCTGGC_L002_R2.fastq.gz,CAAGCAGAAGACGGCATACGAGAT*GTGACTGGAGTTCAGACGTGTGCTCTTCCGATCT,AATGATACGGCGACCACCGAGATCTACACTCTTTCCCTACACGACGCTCTTCCGATCT,CGCCTGGC,NA,Pelecanoides_urinatrix,NA
I0391,/scratch/drabosky_flux/sosi/birds/Prum15/revised1/raw_reads/P0004_RP_I0391_CTCCAGAC_L001_R1.fastq.gz,/scratch/drabosky_flux/sosi/birds/Prum15/revised1/raw_reads/P0004_RP_I0391_CTCCAGAC_L001_R2.fastq.gz,CAAGCAGAAGACGGCATACGAGAT*GTGACTGGAGTTCAGACGTGTGCTCTTCCGATCT,AATGATACGGCGACCACCGAGATCTACACTCTTTCCCTACACGACGCTCTTCCGATCT,CTCCAGAC,NA,Pelecanus_occidentalis,NA
I0375,/scratch/drabosky_flux/sosi/birds/Prum15/revised1/raw_reads/P0004_RP_I0375_CCAAGTCA_L001_R1.fastq.gz,/scratch/drabosky_flux/sosi/birds/Prum15/revised1/raw_reads/P0004_RP_I0375_CCAAGTCA_L001_R2.fastq.gz,CAAGCAGAAGACGGCATACGAGAT*GTGACTGGAGTTCAGACGTGTGCTCTTCCGATCT,AATGATACGGCGACCACCGAGATCTACACTCTTTCCCTACACGACGCTCTTCCGATCT,CCAAGTCA,NA,Phaethon_rubricauda,NA
I0220,/scratch/drabosky_flux/sosi/birds/Prum15/revised1/raw_reads/P0004_RP_I0220_CGTAGATC_L001_R1.fastq.gz,/scratch/drabosky_flux/sosi/birds/Prum15/revised1/raw_reads/P0004_RP_I0220_CGTAGATC_L001_R2.fastq.gz,CAAGCAGAAGACGGCATACGAGAT*GTGACTGGAGTTCAGACGTGTGCTCTTCCGATCT,AATGATACGGCGACCACCGAGATCTACACTCTTTCCCTACACGACGCTCTTCCGATCT,CGTAGATC,NA,Phaethornis_superciliosus,NA
I0372,/scratch/drabosky_flux/sosi/birds/Prum15/revised1/raw_reads/P0004_RP_I0372_CAAGGCCG_L002_R1.fastq.gz,/scratch/drabosky_flux/sosi/birds/Prum15/revised1/raw_reads/P0004_RP_I0372_CAAGGCCG_L002_R2.fastq.gz,CAAGCAGAAGACGGCATACGAGAT*GTGACTGGAGTTCAGACGTGTGCTCTTCCGATCT,AATGATACGGCGACCACCGAGATCTACACTCTTTCCCTACACGACGCTCTTCCGATCT,CAAGGCCG,NA,Phalacrocorax_brasilianus,NA
I0417,/scratch/drabosky_flux/sosi/birds/Prum15/revised1/raw_reads/P0004_RP_I0417_GGTTCAGC_L001_R1.fastq.gz,/scratch/drabosky_flux/sosi/birds/Prum15/revised1/raw_reads/P0004_RP_I0417_GGTTCAGC_L001_R2.fastq.gz,CAAGCAGAAGACGGCATACGAGAT*GTGACTGGAGTTCAGACGTGTGCTCTTCCGATCT,AATGATACGGCGACCACCGAGATCTACACTCTTTCCCTACACGACGCTCTTCCGATCT,GGTTCAGC,NA,Phoebastria_nigripes,NA
I0287,/scratch/drabosky_flux/sosi/birds/Prum15/revised1/raw_reads/P0004_RP_I0287_AATAACTG_L002_R1.fastq.gz,/scratch/drabosky_flux/sosi/birds/Prum15/revised1/raw_reads/P0004_RP_I0287_AATAACTG_L002_R2.fastq.gz,CAAGCAGAAGACGGCATACGAGAT*GTGACTGGAGTTCAGACGTGTGCTCTTCCGATCT,AATGATACGGCGACCACCGAGATCTACACTCTTTCCCTACACGACGCTCTTCCGATCT,AATAACTG,NA,Phoenicopterus_ruber,NA
I0392,/scratch/drabosky_flux/sosi/birds/Prum15/revised1/raw_reads/P0004_RP_I0392_CTCGTTAT_L002_R1.fastq.gz,/scratch/drabosky_flux/sosi/birds/Prum15/revised1/raw_reads/P0004_RP_I0392_CTCGTTAT_L002_R2.fastq.gz,CAAGCAGAAGACGGCATACGAGAT*GTGACTGGAGTTCAGACGTGTGCTCTTCCGATCT,AATGATACGGCGACCACCGAGATCTACACTCTTTCCCTACACGACGCTCTTCCGATCT,CTCGTTAT,NA,Phoeniculus_purpureus,NA
I0259,/scratch/drabosky_flux/sosi/birds/Prum15/revised1/raw_reads/P0004_RP_I0259_TCTATTCG_L002_R1.fastq.gz,/scratch/drabosky_flux/sosi/birds/Prum15/revised1/raw_reads/P0004_RP_I0259_TCTATTCG_L002_R2.fastq.gz,CAAGCAGAAGACGGCATACGAGAT*GTGACTGGAGTTCAGACGTGTGCTCTTCCGATCT,AATGATACGGCGACCACCGAGATCTACACTCTTTCCCTACACGACGCTCTTCCGATCT,TCTATTCG,NA,Picus_canus,NA
I0241,/scratch/drabosky_flux/sosi/birds/Prum15/revised1/raw_reads/P0004_RP_I0241_GCTGGTCA_L002_R1.fastq.gz,/scratch/drabosky_flux/sosi/birds/Prum15/revised1/raw_reads/P0004_RP_I0241_GCTGGTCA_L002_R2.fastq.gz,CAAGCAGAAGACGGCATACGAGAT*GTGACTGGAGTTCAGACGTGTGCTCTTCCGATCT,AATGATACGGCGACCACCGAGATCTACACTCTTTCCCTACACGACGCTCTTCCGATCT,GCTGGTCA,NA,Pipra_erythrocephala,NA
I0225,/scratch/drabosky_flux/sosi/birds/Prum15/revised1/raw_reads/P0004_RP_I0225_CTCGTTAT_L002_R1.fastq.gz,/scratch/drabosky_flux/sosi/birds/Prum15/revised1/raw_reads/P0004_RP_I0225_CTCGTTAT_L002_R2.fastq.gz,CAAGCAGAAGACGGCATACGAGAT*GTGACTGGAGTTCAGACGTGTGCTCTTCCGATCT,AATGATACGGCGACCACCGAGATCTACACTCTTTCCCTACACGACGCTCTTCCGATCT,CTCGTTAT,NA,Piprites_chloris,NA
I0400,/scratch/drabosky_flux/sosi/birds/Prum15/revised1/raw_reads/P0004_RP_I0400_GACCTTAA_L002_R1.fastq.gz,/scratch/drabosky_flux/sosi/birds/Prum15/revised1/raw_reads/P0004_RP_I0400_GACCTTAA_L002_R2.fastq.gz,CAAGCAGAAGACGGCATACGAGAT*GTGACTGGAGTTCAGACGTGTGCTCTTCCGATCT,AATGATACGGCGACCACCGAGATCTACACTCTTTCCCTACACGACGCTCTTCCGATCT,GACCTTAA,NA,Pitta_angolensis,NA
I0255,/scratch/drabosky_flux/sosi/birds/Prum15/revised1/raw_reads/P0004_RP_I0255_TAGGCCGT_L002_R1.fastq.gz,/scratch/drabosky_flux/sosi/birds/Prum15/revised1/raw_reads/P0004_RP_I0255_TAGGCCGT_L002_R2.fastq.gz,CAAGCAGAAGACGGCATACGAGAT*GTGACTGGAGTTCAGACGTGTGCTCTTCCGATCT,AATGATACGGCGACCACCGAGATCTACACTCTTTCCCTACACGACGCTCTTCCGATCT,TAGGCCGT,NA,Podargus_strigoides,NA
I0456,/scratch/drabosky_flux/sosi/birds/Prum15/revised1/raw_reads/P0004_RP_I0456_TTGGCTCC_L002_R1.fastq.gz,/scratch/drabosky_flux/sosi/birds/Prum15/revised1/raw_reads/P0004_RP_I0456_TTGGCTCC_L002_R2.fastq.gz,CAAGCAGAAGACGGCATACGAGAT*GTGACTGGAGTTCAGACGTGTGCTCTTCCGATCT,AATGATACGGCGACCACCGAGATCTACACTCTTTCCCTACACGACGCTCTTCCGATCT,TTGGCTCC,NA,Poecile_lugubris,NA
I0407,/scratch/drabosky_flux/sosi/birds/Prum15/revised1/raw_reads/P0004_RP_I0407_GCGTTAGC_L001_R1.fastq.gz,/scratch/drabosky_flux/sosi/birds/Prum15/revised1/raw_reads/P0004_RP_I0407_GCGTTAGC_L001_R2.fastq.gz,CAAGCAGAAGACGGCATACGAGAT*GTGACTGGAGTTCAGACGTGTGCTCTTCCGATCT,AATGATACGGCGACCACCGAGATCTACACTCTTTCCCTACACGACGCTCTTCCGATCT,GCGTTAGC,NA,Porphyrio_porphyrio,NA
I0280,/scratch/drabosky_flux/sosi/birds/Prum15/revised1/raw_reads/P0004_RP_I0280_AACGAAGT_L001_R1.fastq.gz,/scratch/drabosky_flux/sosi/birds/Prum15/revised1/raw_reads/P0004_RP_I0280_AACGAAGT_L001_R2.fastq.gz,CAAGCAGAAGACGGCATACGAGAT*GTGACTGGAGTTCAGACGTGTGCTCTTCCGATCT,AATGATACGGCGACCACCGAGATCTACACTCTTTCCCTACACGACGCTCTTCCGATCT,AACGAAGT,NA,Probosciger_aterrimus,NA
I0370,/scratch/drabosky_flux/sosi/birds/Prum15/revised1/raw_reads/P0004_RP_I0370_ATCGGTTC_L002_R1.fastq.gz,/scratch/drabosky_flux/sosi/birds/Prum15/revised1/raw_reads/P0004_RP_I0370_ATCGGTTC_L002_R2.fastq.gz,CAAGCAGAAGACGGCATACGAGAT*GTGACTGGAGTTCAGACGTGTGCTCTTCCGATCT,AATGATACGGCGACCACCGAGATCTACACTCTTTCCCTACACGACGCTCTTCCGATCT,ATCGGTTC,NA,Psittacus_erithacus,NA
I0271,/scratch/drabosky_flux/sosi/birds/Prum15/revised1/raw_reads/P0004_RP_I0271_TTCATACG_L002_R1.fastq.gz,/scratch/drabosky_flux/sosi/birds/Prum15/revised1/raw_reads/P0004_RP_I0271_TTCATACG_L002_R2.fastq.gz,CAAGCAGAAGACGGCATACGAGAT*GTGACTGGAGTTCAGACGTGTGCTCTTCCGATCT,AATGATACGGCGACCACCGAGATCTACACTCTTTCCCTACACGACGCTCTTCCGATCT,TTCATACG,NA,Psittrichas_fulgidus,NA
I0263,/scratch/drabosky_flux/sosi/birds/Prum15/revised1/raw_reads/P0004_RP_I0263_TGGCGTTA_L002_R1.fastq.gz,/scratch/drabosky_flux/sosi/birds/Prum15/revised1/raw_reads/P0004_RP_I0263_TGGCGTTA_L002_R2.fastq.gz,CAAGCAGAAGACGGCATACGAGAT*GTGACTGGAGTTCAGACGTGTGCTCTTCCGATCT,AATGATACGGCGACCACCGAGATCTACACTCTTTCCCTACACGACGCTCTTCCGATCT,TGGCGTTA,NA,Psophia_crepitans,NA
I0411,/scratch/drabosky_flux/sosi/birds/Prum15/revised1/raw_reads/P0004_RP_I0411_GGCCAGTA_L001_R1.fastq.gz,/scratch/drabosky_flux/sosi/birds/Prum15/revised1/raw_reads/P0004_RP_I0411_GGCCAGTA_L001_R2.fastq.gz,CAAGCAGAAGACGGCATACGAGAT*GTGACTGGAGTTCAGACGTGTGCTCTTCCGATCT,AATGATACGGCGACCACCGAGATCTACACTCTTTCCCTACACGACGCTCTTCCGATCT,GGCCAGTA,NA,Pterocles_bicinctus,NA
I0395,/scratch/drabosky_flux/sosi/birds/Prum15/revised1/raw_reads/P0004_RP_I0395_CTTGGCCT_L001_R1.fastq.gz,/scratch/drabosky_flux/sosi/birds/Prum15/revised1/raw_reads/P0004_RP_I0395_CTTGGCCT_L001_R2.fastq.gz,CAAGCAGAAGACGGCATACGAGAT*GTGACTGGAGTTCAGACGTGTGCTCTTCCGATCT,AATGATACGGCGACCACCGAGATCTACACTCTTTCCCTACACGACGCTCTTCCGATCT,CTTGGCCT,NA,Pterodroma_externa,NA
I0434,/scratch/drabosky_flux/sosi/birds/Prum15/revised1/raw_reads/P0004_RP_I0434_TTAAGCGT_L002_R1.fastq.gz,/scratch/drabosky_flux/sosi/birds/Prum15/revised1/raw_reads/P0004_RP_I0434_TTAAGCGT_L002_R2.fastq.gz,CAAGCAGAAGACGGCATACGAGAT*GTGACTGGAGTTCAGACGTGTGCTCTTCCGATCT,AATGATACGGCGACCACCGAGATCTACACTCTTTCCCTACACGACGCTCTTCCGATCT,TTAAGCGT,NA,Ptilinopus_magnificus,NA
I0406,/scratch/drabosky_flux/sosi/birds/Prum15/revised1/raw_reads/P0004_RP_I0406_GCGGTTCT_L002_R1.fastq.gz,/scratch/drabosky_flux/sosi/birds/Prum15/revised1/raw_reads/P0004_RP_I0406_GCGGTTCT_L002_R2.fastq.gz,CAAGCAGAAGACGGCATACGAGAT*GTGACTGGAGTTCAGACGTGTGCTCTTCCGATCT,AATGATACGGCGACCACCGAGATCTACACTCTTTCCCTACACGACGCTCTTCCGATCT,GCGGTTCT,NA,Puffinus_griseus,NA
I2826,/scratch/drabosky_flux/sosi/birds/Prum15/revised1/raw_reads/P0029_RP_12826_TTATAACT_L001_R1.fastq.gz,/scratch/drabosky_flux/sosi/birds/Prum15/revised1/raw_reads/P0029_RP_12826_TTATAACT_L001_R2.fastq.gz,CAAGCAGAAGACGGCATACGAGAT*GTGACTGGAGTTCAGACGTGTGCTCTTCCGATCT,AATGATACGGCGACCACCGAGATCTACACTCTTTCCCTACACGACGCTCTTCCGATCT,TTATAACT,NA,Pycnonotus_macrotis,NA
I0428,/scratch/drabosky_flux/sosi/birds/Prum15/revised1/raw_reads/P0004_RP_I0428_TGCCTGCG_L002_R1.fastq.gz,/scratch/drabosky_flux/sosi/birds/Prum15/revised1/raw_reads/P0004_RP_I0428_TGCCTGCG_L002_R2.fastq.gz,CAAGCAGAAGACGGCATACGAGAT*GTGACTGGAGTTCAGACGTGTGCTCTTCCGATCT,AATGATACGGCGACCACCGAGATCTACACTCTTTCCCTACACGACGCTCTTCCGATCT,TGCCTGCG,NA,Rallus_longirostris,NA
I0286,/scratch/drabosky_flux/sosi/birds/Prum15/revised1/raw_reads/P0004_RP_I0286_AAGCAATA_L001_R1.fastq.gz,/scratch/drabosky_flux/sosi/birds/Prum15/revised1/raw_reads/P0004_RP_I0286_AAGCAATA_L001_R2.fastq.gz,CAAGCAGAAGACGGCATACGAGAT*GTGACTGGAGTTCAGACGTGTGCTCTTCCGATCT,AATGATACGGCGACCACCGAGATCTACACTCTTTCCCTACACGACGCTCTTCCGATCT,AAGCAATA,NA,Ramphastos_ambiguus,NA
I0368,/scratch/drabosky_flux/sosi/birds/Prum15/revised1/raw_reads/P0004_RP_I0368_AGTTGAAC_L002_R1.fastq.gz,/scratch/drabosky_flux/sosi/birds/Prum15/revised1/raw_reads/P0004_RP_I0368_AGTTGAAC_L002_R2.fastq.gz,CAAGCAGAAGACGGCATACGAGAT*GTGACTGGAGTTCAGACGTGTGCTCTTCCGATCT,AATGATACGGCGACCACCGAGATCTACACTCTTTCCCTACACGACGCTCTTCCGATCT,AGTTGAAC,NA,Recurvirostra_americana,NA
I0215,/scratch/drabosky_flux/sosi/birds/Prum15/revised1/raw_reads/P0004_RP_I0215_CCTATCTC_L002_R1.fastq.gz,/scratch/drabosky_flux/sosi/birds/Prum15/revised1/raw_reads/P0004_RP_I0215_CCTATCTC_L002_R2.fastq.gz,CAAGCAGAAGACGGCATACGAGAT*GTGACTGGAGTTCAGACGTGTGCTCTTCCGATCT,AATGATACGGCGACCACCGAGATCTACACTCTTTCCCTACACGACGCTCTTCCGATCT,CCTATCTC,NA,Regulus_ignicapilla,NA
I0414,/scratch/drabosky_flux/sosi/birds/Prum15/revised1/raw_reads/P0004_RP_I0414_GGTCCTAG_L002_R1.fastq.gz,/scratch/drabosky_flux/sosi/birds/Prum15/revised1/raw_reads/P0004_RP_I0414_GGTCCTAG_L002_R2.fastq.gz,CAAGCAGAAGACGGCATACGAGAT*GTGACTGGAGTTCAGACGTGTGCTCTTCCGATCT,AATGATACGGCGACCACCGAGATCTACACTCTTTCCCTACACGACGCTCTTCCGATCT,GGTCCTAG,NA,Rhea_americana,NA
I0227,/scratch/drabosky_flux/sosi/birds/Prum15/revised1/raw_reads/P0004_RP_I0227_CTTATCAG_L002_R1.fastq.gz,/scratch/drabosky_flux/sosi/birds/Prum15/revised1/raw_reads/P0004_RP_I0227_CTTATCAG_L002_R2.fastq.gz,CAAGCAGAAGACGGCATACGAGAT*GTGACTGGAGTTCAGACGTGTGCTCTTCCGATCT,AATGATACGGCGACCACCGAGATCTACACTCTTTCCCTACACGACGCTCTTCCGATCT,CTTATCAG,NA,Rhynchocyclus_olivaceus,NA
I0393,/scratch/drabosky_flux/sosi/birds/Prum15/revised1/raw_reads/P0004_RP_I0393_CTGAGCAT_L001_R1.fastq.gz,/scratch/drabosky_flux/sosi/birds/Prum15/revised1/raw_reads/P0004_RP_I0393_CTGAGCAT_L001_R2.fastq.gz,CAAGCAGAAGACGGCATACGAGAT*GTGACTGGAGTTCAGACGTGTGCTCTTCCGATCT,AATGATACGGCGACCACCGAGATCTACACTCTTTCCCTACACGACGCTCTTCCGATCT,CTGAGCAT,NA,Rhynchops_niger,NA
I0422,/scratch/drabosky_flux/sosi/birds/Prum15/revised1/raw_reads/P0004_RP_I0422_TAGGCCGT_L002_R1.fastq.gz,/scratch/drabosky_flux/sosi/birds/Prum15/revised1/raw_reads/P0004_RP_I0422_TAGGCCGT_L002_R2.fastq.gz,CAAGCAGAAGACGGCATACGAGAT*GTGACTGGAGTTCAGACGTGTGCTCTTCCGATCT,AATGATACGGCGACCACCGAGATCTACACTCTTTCCCTACACGACGCTCTTCCGATCT,TAGGCCGT,NA,Rollandia_rolland,NA
I0371,/scratch/drabosky_flux/sosi/birds/Prum15/revised1/raw_reads/P0004_RP_I0371_CAACCATC_L001_R1.fastq.gz,/scratch/drabosky_flux/sosi/birds/Prum15/revised1/raw_reads/P0004_RP_I0371_CAACCATC_L001_R2.fastq.gz,CAAGCAGAAGACGGCATACGAGAT*GTGACTGGAGTTCAGACGTGTGCTCTTCCGATCT,AATGATACGGCGACCACCGAGATCTACACTCTTTCCCTACACGACGCTCTTCCGATCT,CAACCATC,NA,Rollulus_rouloul,NA
I0402,/scratch/drabosky_flux/sosi/birds/Prum15/revised1/raw_reads/P0004_RP_I0402_GATTCCAG_L002_R1.fastq.gz,/scratch/drabosky_flux/sosi/birds/Prum15/revised1/raw_reads/P0004_RP_I0402_GATTCCAG_L002_R2.fastq.gz,CAAGCAGAAGACGGCATACGAGAT*GTGACTGGAGTTCAGACGTGTGCTCTTCCGATCT,AATGATACGGCGACCACCGAGATCTACACTCTTTCCCTACACGACGCTCTTCCGATCT,GATTCCAG,NA,Rostratula_benghalensis,NA
I0365,/scratch/drabosky_flux/sosi/birds/Prum15/revised1/raw_reads/P0004_RP_I0365_AGAGTAGA_L001_R1.fastq.gz,/scratch/drabosky_flux/sosi/birds/Prum15/revised1/raw_reads/P0004_RP_I0365_AGAGTAGA_L001_R2.fastq.gz,CAAGCAGAAGACGGCATACGAGAT*GTGACTGGAGTTCAGACGTGTGCTCTTCCGATCT,AATGATACGGCGACCACCGAGATCTACACTCTTTCCCTACACGACGCTCTTCCGATCT,AGAGTAGA,NA,rufa_elizabethae,NA
I0217,/scratch/drabosky_flux/sosi/birds/Prum15/revised1/raw_reads/P0004_RP_I0217_CGAAGCTG_L002_R1.fastq.gz,/scratch/drabosky_flux/sosi/birds/Prum15/revised1/raw_reads/P0004_RP_I0217_CGAAGCTG_L002_R2.fastq.gz,CAAGCAGAAGACGGCATACGAGAT*GTGACTGGAGTTCAGACGTGTGCTCTTCCGATCT,AATGATACGGCGACCACCGAGATCTACACTCTTTCCCTACACGACGCTCTTCCGATCT,CGAAGCTG,NA,Rupicola_rupicola,NA
I0361,/scratch/drabosky_flux/sosi/birds/Prum15/revised1/raw_reads/P0004_RP_I0361_ACGACTCG_L001_R1.fastq.gz,/scratch/drabosky_flux/sosi/birds/Prum15/revised1/raw_reads/P0004_RP_I0361_ACGACTCG_L001_R2.fastq.gz,CAAGCAGAAGACGGCATACGAGAT*GTGACTGGAGTTCAGACGTGTGCTCTTCCGATCT,AATGATACGGCGACCACCGAGATCTACACTCTTTCCCTACACGACGCTCTTCCGATCT,ACGACTCG,NA,Sagittarius_serpentarius,NA
I0416,/scratch/drabosky_flux/sosi/birds/Prum15/revised1/raw_reads/P0004_RP_I0416_GGTTAGTC_L002_R1.fastq.gz,/scratch/drabosky_flux/sosi/birds/Prum15/revised1/raw_reads/P0004_RP_I0416_GGTTAGTC_L002_R2.fastq.gz,CAAGCAGAAGACGGCATACGAGAT*GTGACTGGAGTTCAGACGTGTGCTCTTCCGATCT,AATGATACGGCGACCACCGAGATCTACACTCTTTCCCTACACGACGCTCTTCCGATCT,GGTTAGTC,NA,Sapayoa_aenigma,NA
I0265,/scratch/drabosky_flux/sosi/birds/Prum15/revised1/raw_reads/P0004_RP_I0265_TGGTCCTG_L002_R1.fastq.gz,/scratch/drabosky_flux/sosi/birds/Prum15/revised1/raw_reads/P0004_RP_I0265_TGGTCCTG_L002_R2.fastq.gz,CAAGCAGAAGACGGCATACGAGAT*GTGACTGGAGTTCAGACGTGTGCTCTTCCGATCT,AATGATACGGCGACCACCGAGATCTACACTCTTTCCCTACACGACGCTCTTCCGATCT,TGGTCCTG,NA,Schiffornis_turdina,NA
I0223,/scratch/drabosky_flux/sosi/birds/Prum15/revised1/raw_reads/P0004_RP_I0223_CGTTGCGG_L002_R1.fastq.gz,/scratch/drabosky_flux/sosi/birds/Prum15/revised1/raw_reads/P0004_RP_I0223_CGTTGCGG_L002_R2.fastq.gz,CAAGCAGAAGACGGCATACGAGAT*GTGACTGGAGTTCAGACGTGTGCTCTTCCGATCT,AATGATACGGCGACCACCGAGATCTACACTCTTTCCCTACACGACGCTCTTCCGATCT,CGTTGCGG,NA,Sclerurus_mexicanus,NA
I0418,/scratch/drabosky_flux/sosi/birds/Prum15/revised1/raw_reads/P0004_RP_I0418_GTAATTAT_L002_R1.fastq.gz,/scratch/drabosky_flux/sosi/birds/Prum15/revised1/raw_reads/P0004_RP_I0418_GTAATTAT_L002_R2.fastq.gz,CAAGCAGAAGACGGCATACGAGAT*GTGACTGGAGTTCAGACGTGTGCTCTTCCGATCT,AATGATACGGCGACCACCGAGATCTACACTCTTTCCCTACACGACGCTCTTCCGATCT,GTAATTAT,NA,Scopus_umbretta,NA
I0189,/scratch/drabosky_flux/sosi/birds/Prum15/revised1/raw_reads/P0004_RP_I0189_AAGACGCT_L002_R1.fastq.gz,/scratch/drabosky_flux/sosi/birds/Prum15/revised1/raw_reads/P0004_RP_I0189_AAGACGCT_L002_R2.fastq.gz,CAAGCAGAAGACGGCATACGAGAT*GTGACTGGAGTTCAGACGTGTGCTCTTCCGATCT,AATGATACGGCGACCACCGAGATCTACACTCTTTCCCTACACGACGCTCTTCCGATCT,AAGACGCT,NA,Smithornis_rufolateralis,NA
I0451,/scratch/drabosky_flux/sosi/birds/Prum15/revised1/raw_reads/P0004_RP_I0451_TTGATCCA_L002_R1.fastq.gz,/scratch/drabosky_flux/sosi/birds/Prum15/revised1/raw_reads/P0004_RP_I0451_TTGATCCA_L002_R2.fastq.gz,CAAGCAGAAGACGGCATACGAGAT*GTGACTGGAGTTCAGACGTGTGCTCTTCCGATCT,AATGATACGGCGACCACCGAGATCTACACTCTTTCCCTACACGACGCTCTTCCGATCT,TTGATCCA,NA,Spheniscus_humboldti,NA
I2825,/scratch/drabosky_flux/sosi/birds/Prum15/revised1/raw_reads/P0029_RP_12825_TTAGGATG_L002_R1.fastq.gz,/scratch/drabosky_flux/sosi/birds/Prum15/revised1/raw_reads/P0029_RP_12825_TTAGGATG_L002_R2.fastq.gz,CAAGCAGAAGACGGCATACGAGAT*GTGACTGGAGTTCAGACGTGTGCTCTTCCGATCT,AATGATACGGCGACCACCGAGATCTACACTCTTTCCCTACACGACGCTCTTCCGATCT,TTAGGATG,NA,Spizella_arborea,NA
I0270,/scratch/drabosky_flux/sosi/birds/Prum15/revised1/raw_reads/P0004_RP_I0270_TTATAACT_L001_R1.fastq.gz,/scratch/drabosky_flux/sosi/birds/Prum15/revised1/raw_reads/P0004_RP_I0270_TTATAACT_L001_R2.fastq.gz,CAAGCAGAAGACGGCATACGAGAT*GTGACTGGAGTTCAGACGTGTGCTCTTCCGATCT,AATGATACGGCGACCACCGAGATCTACACTCTTTCCCTACACGACGCTCTTCCGATCT,TTATAACT,NA,Sterna_hirundo,NA
I0188,/scratch/drabosky_flux/sosi/birds/Prum15/revised1/raw_reads/P0004_RP_I0188_AAGAACCA_L001_R1.fastq.gz,/scratch/drabosky_flux/sosi/birds/Prum15/revised1/raw_reads/P0004_RP_I0188_AAGAACCA_L001_R2.fastq.gz,CAAGCAGAAGACGGCATACGAGAT*GTGACTGGAGTTCAGACGTGTGCTCTTCCGATCT,AATGATACGGCGACCACCGAGATCTACACTCTTTCCCTACACGACGCTCTTCCGATCT,AAGAACCA,NA,Streptoprocne_zonaris,NA
I0208,/scratch/drabosky_flux/sosi/birds/Prum15/revised1/raw_reads/P0004_RP_I0208_CCAAGTCA_L001_R1.fastq.gz,/scratch/drabosky_flux/sosi/birds/Prum15/revised1/raw_reads/P0004_RP_I0208_CCAAGTCA_L001_R2.fastq.gz,CAAGCAGAAGACGGCATACGAGAT*GTGACTGGAGTTCAGACGTGTGCTCTTCCGATCT,AATGATACGGCGACCACCGAGATCTACACTCTTTCCCTACACGACGCTCTTCCGATCT,CCAAGTCA,NA,Strix_varia,NA
I0453,/scratch/drabosky_flux/sosi/birds/Prum15/revised1/raw_reads/P0004_RP_I0453_TTGGAGCT_L002_R1.fastq.gz,/scratch/drabosky_flux/sosi/birds/Prum15/revised1/raw_reads/P0004_RP_I0453_TTGGAGCT_L002_R2.fastq.gz,CAAGCAGAAGACGGCATACGAGAT*GTGACTGGAGTTCAGACGTGTGCTCTTCCGATCT,AATGATACGGCGACCACCGAGATCTACACTCTTTCCCTACACGACGCTCTTCCGATCT,TTGGAGCT,NA,Struthio_camelus,NA
I0214,/scratch/drabosky_flux/sosi/birds/Prum15/revised1/raw_reads/P0004_RP_I0214_CCGTCTGC_L001_R1.fastq.gz,/scratch/drabosky_flux/sosi/birds/Prum15/revised1/raw_reads/P0004_RP_I0214_CCGTCTGC_L001_R2.fastq.gz,CAAGCAGAAGACGGCATACGAGAT*GTGACTGGAGTTCAGACGTGTGCTCTTCCGATCT,AATGATACGGCGACCACCGAGATCTACACTCTTTCCCTACACGACGCTCTTCCGATCT,CCGTCTGC,NA,Sylvia_melanocephala,NA
I0403,/scratch/drabosky_flux/sosi/birds/Prum15/revised1/raw_reads/P0004_RP_I0403_GCAATCGC_L001_R1.fastq.gz,/scratch/drabosky_flux/sosi/birds/Prum15/revised1/raw_reads/P0004_RP_I0403_GCAATCGC_L001_R2.fastq.gz,CAAGCAGAAGACGGCATACGAGAT*GTGACTGGAGTTCAGACGTGTGCTCTTCCGATCT,AATGATACGGCGACCACCGAGATCTACACTCTTTCCCTACACGACGCTCTTCCGATCT,GCAATCGC,NA,Syrrhaptes_paradoxus,NA
I0424,/scratch/drabosky_flux/sosi/birds/Prum15/revised1/raw_reads/P0004_RP_I0424_TCCGTATA_L002_R1.fastq.gz,/scratch/drabosky_flux/sosi/birds/Prum15/revised1/raw_reads/P0004_RP_I0424_TCCGTATA_L002_R2.fastq.gz,CAAGCAGAAGACGGCATACGAGAT*GTGACTGGAGTTCAGACGTGTGCTCTTCCGATCT,AATGATACGGCGACCACCGAGATCTACACTCTTTCCCTACACGACGCTCTTCCGATCT,TCCGTATA,NA,Tapera_naevia,NA
I0192,/scratch/drabosky_flux/sosi/birds/Prum15/revised1/raw_reads/P0004_RP_I0192_ACCAACCG_L001_R1.fastq.gz,/scratch/drabosky_flux/sosi/birds/Prum15/revised1/raw_reads/P0004_RP_I0192_ACCAACCG_L001_R2.fastq.gz,CAAGCAGAAGACGGCATACGAGAT*GTGACTGGAGTTCAGACGTGTGCTCTTCCGATCT,AATGATACGGCGACCACCGAGATCTACACTCTTTCCCTACACGACGCTCTTCCGATCT,ACCAACCG,NA,Tauraco_macrorhynchus,NA
I0261,/scratch/drabosky_flux/sosi/birds/Prum15/revised1/raw_reads/P0004_RP_I0261_TGCCTGCG_L002_R1.fastq.gz,/scratch/drabosky_flux/sosi/birds/Prum15/revised1/raw_reads/P0004_RP_I0261_TGCCTGCG_L002_R2.fastq.gz,CAAGCAGAAGACGGCATACGAGAT*GTGACTGGAGTTCAGACGTGTGCTCTTCCGATCT,AATGATACGGCGACCACCGAGATCTACACTCTTTCCCTACACGACGCTCTTCCGATCT,TGCCTGCG,NA,Terenura_callinota,NA
I0207,/scratch/drabosky_flux/sosi/birds/Prum15/revised1/raw_reads/P0004_RP_I0207_CAGTCAGA_L002_R1.fastq.gz,/scratch/drabosky_flux/sosi/birds/Prum15/revised1/raw_reads/P0004_RP_I0207_CAGTCAGA_L002_R2.fastq.gz,CAAGCAGAAGACGGCATACGAGAT*GTGACTGGAGTTCAGACGTGTGCTCTTCCGATCT,AATGATACGGCGACCACCGAGATCTACACTCTTTCCCTACACGACGCTCTTCCGATCT,CAGTCAGA,NA,Thamnophilus_ruficapillus,NA
I0239,/scratch/drabosky_flux/sosi/birds/Prum15/revised1/raw_reads/P0004_RP_I0239_GCGGTTCT_L002_R1.fastq.gz,/scratch/drabosky_flux/sosi/birds/Prum15/revised1/raw_reads/P0004_RP_I0239_GCGGTTCT_L002_R2.fastq.gz,CAAGCAGAAGACGGCATACGAGAT*GTGACTGGAGTTCAGACGTGTGCTCTTCCGATCT,AATGATACGGCGACCACCGAGATCTACACTCTTTCCCTACACGACGCTCTTCCGATCT,GCGGTTCT,NA,Tigrisoma_lineatum,NA
I0231,/scratch/drabosky_flux/sosi/birds/Prum15/revised1/raw_reads/P0004_RP_I0231_GAACGTAT_L002_R1.fastq.gz,/scratch/drabosky_flux/sosi/birds/Prum15/revised1/raw_reads/P0004_RP_I0231_GAACGTAT_L002_R2.fastq.gz,CAAGCAGAAGACGGCATACGAGAT*GTGACTGGAGTTCAGACGTGTGCTCTTCCGATCT,AATGATACGGCGACCACCGAGATCTACACTCTTTCCCTACACGACGCTCTTCCGATCT,GAACGTAT,NA,Tinamus_major,NA
I0251,/scratch/drabosky_flux/sosi/birds/Prum15/revised1/raw_reads/P0004_RP_I0251_GTAATTAT_L002_R1.fastq.gz,/scratch/drabosky_flux/sosi/birds/Prum15/revised1/raw_reads/P0004_RP_I0251_GTAATTAT_L002_R2.fastq.gz,CAAGCAGAAGACGGCATACGAGAT*GTGACTGGAGTTCAGACGTGTGCTCTTCCGATCT,AATGATACGGCGACCACCGAGATCTACACTCTTTCCCTACACGACGCTCTTCCGATCT,GTAATTAT,NA,Tityra_cayana,NA
I0198,/scratch/drabosky_flux/sosi/birds/Prum15/revised1/raw_reads/P0004_RP_I0198_AGAGTAGA_L001_R1.fastq.gz,/scratch/drabosky_flux/sosi/birds/Prum15/revised1/raw_reads/P0004_RP_I0198_AGAGTAGA_L001_R2.fastq.gz,CAAGCAGAAGACGGCATACGAGAT*GTGACTGGAGTTCAGACGTGTGCTCTTCCGATCT,AATGATACGGCGACCACCGAGATCTACACTCTTTCCCTACACGACGCTCTTCCGATCT,AGAGTAGA,NA,Tockus_camurus,NA
I0234,/scratch/drabosky_flux/sosi/birds/Prum15/revised1/raw_reads/P0004_RP_I0234_GATGCGCT_L001_R1.fastq.gz,/scratch/drabosky_flux/sosi/birds/Prum15/revised1/raw_reads/P0004_RP_I0234_GATGCGCT_L001_R2.fastq.gz,CAAGCAGAAGACGGCATACGAGAT*GTGACTGGAGTTCAGACGTGTGCTCTTCCGATCT,AATGATACGGCGACCACCGAGATCTACACTCTTTCCCTACACGACGCTCTTCCGATCT,GATGCGCT,NA,Todus_mexicanus,NA
I0219,/scratch/drabosky_flux/sosi/birds/Prum15/revised1/raw_reads/P0004_RP_I0219_CGCCTGGC_L002_R1.fastq.gz,/scratch/drabosky_flux/sosi/birds/Prum15/revised1/raw_reads/P0004_RP_I0219_CGCCTGGC_L002_R2.fastq.gz,CAAGCAGAAGACGGCATACGAGAT*GTGACTGGAGTTCAGACGTGTGCTCTTCCGATCT,AATGATACGGCGACCACCGAGATCTACACTCTTTCCCTACACGACGCTCTTCCGATCT,CGCCTGGC,NA,Topaza_pella,NA
I0193,/scratch/drabosky_flux/sosi/birds/Prum15/revised1/raw_reads/P0004_RP_I0193_ACCGAATG_L002_R1.fastq.gz,/scratch/drabosky_flux/sosi/birds/Prum15/revised1/raw_reads/P0004_RP_I0193_ACCGAATG_L002_R2.fastq.gz,CAAGCAGAAGACGGCATACGAGAT*GTGACTGGAGTTCAGACGTGTGCTCTTCCGATCT,AATGATACGGCGACCACCGAGATCTACACTCTTTCCCTACACGACGCTCTTCCGATCT,ACCGAATG,NA,Treron_calvus,NA
I0201,/scratch/drabosky_flux/sosi/birds/Prum15/revised1/raw_reads/P0004_RP_I0201_AGTTGAAC_L002_R1.fastq.gz,/scratch/drabosky_flux/sosi/birds/Prum15/revised1/raw_reads/P0004_RP_I0201_AGTTGAAC_L002_R2.fastq.gz,CAAGCAGAAGACGGCATACGAGAT*GTGACTGGAGTTCAGACGTGTGCTCTTCCGATCT,AATGATACGGCGACCACCGAGATCTACACTCTTTCCCTACACGACGCTCTTCCGATCT,AGTTGAAC,NA,Tringa_solitaria,NA
I0187,/scratch/drabosky_flux/sosi/birds/Prum15/revised1/raw_reads/P0004_RP_I0187_AACTGATA_L002_R1.fastq.gz,/scratch/drabosky_flux/sosi/birds/Prum15/revised1/raw_reads/P0004_RP_I0187_AACTGATA_L002_R2.fastq.gz,CAAGCAGAAGACGGCATACGAGAT*GTGACTGGAGTTCAGACGTGTGCTCTTCCGATCT,AATGATACGGCGACCACCGAGATCTACACTCTTTCCCTACACGACGCTCTTCCGATCT,AACTGATA,NA,Trogon_elegans,NA
I0222,/scratch/drabosky_flux/sosi/birds/Prum15/revised1/raw_reads/P0004_RP_I0222_CGTTCGCT_L001_R1.fastq.gz,/scratch/drabosky_flux/sosi/birds/Prum15/revised1/raw_reads/P0004_RP_I0222_CGTTCGCT_L001_R2.fastq.gz,CAAGCAGAAGACGGCATACGAGAT*GTGACTGGAGTTCAGACGTGTGCTCTTCCGATCT,AATGATACGGCGACCACCGAGATCTACACTCTTTCCCTACACGACGCTCTTCCGATCT,CGTTCGCT,NA,Turdus_olivater,NA
I0409,/scratch/drabosky_flux/sosi/birds/Prum15/revised1/raw_reads/P0004_RP_I0409_GCTTGATG_L001_R1.fastq.gz,/scratch/drabosky_flux/sosi/birds/Prum15/revised1/raw_reads/P0004_RP_I0409_GCTTGATG_L001_R2.fastq.gz,CAAGCAGAAGACGGCATACGAGAT*GTGACTGGAGTTCAGACGTGTGCTCTTCCGATCT,AATGATACGGCGACCACCGAGATCTACACTCTTTCCCTACACGACGCTCTTCCGATCT,GCTTGATG,NA,Turnix_ocellata,NA
I0246,/scratch/drabosky_flux/sosi/birds/Prum15/revised1/raw_reads/P0004_RP_I0246_GGTAGTTG_L001_R1.fastq.gz,/scratch/drabosky_flux/sosi/birds/Prum15/revised1/raw_reads/P0004_RP_I0246_GGTAGTTG_L001_R2.fastq.gz,CAAGCAGAAGACGGCATACGAGAT*GTGACTGGAGTTCAGACGTGTGCTCTTCCGATCT,AATGATACGGCGACCACCGAGATCTACACTCTTTCCCTACACGACGCTCTTCCGATCT,GGTAGTTG,NA,Tyrannus_albogularis,NA
I0452,/scratch/drabosky_flux/sosi/birds/Prum15/revised1/raw_reads/P0004_RP_I0452_TTGCATAT_L001_R1.fastq.gz,/scratch/drabosky_flux/sosi/birds/Prum15/revised1/raw_reads/P0004_RP_I0452_TTGCATAT_L001_R2.fastq.gz,CAAGCAGAAGACGGCATACGAGAT*GTGACTGGAGTTCAGACGTGTGCTCTTCCGATCT,AATGATACGGCGACCACCGAGATCTACACTCTTTCCCTACACGACGCTCTTCCGATCT,TTGCATAT,NA,Tyto_alba,NA
I0233,/scratch/drabosky_flux/sosi/birds/Prum15/revised1/raw_reads/P0004_RP_I0233_GACCTTAA_L002_R1.fastq.gz,/scratch/drabosky_flux/sosi/birds/Prum15/revised1/raw_reads/P0004_RP_I0233_GACCTTAA_L002_R2.fastq.gz,CAAGCAGAAGACGGCATACGAGAT*GTGACTGGAGTTCAGACGTGTGCTCTTCCGATCT,AATGATACGGCGACCACCGAGATCTACACTCTTTCCCTACACGACGCTCTTCCGATCT,GACCTTAA,NA,Upupa_epops,NA
I0408,/scratch/drabosky_flux/sosi/birds/Prum15/revised1/raw_reads/P0004_RP_I0408_GCTGGTCA_L002_R1.fastq.gz,/scratch/drabosky_flux/sosi/birds/Prum15/revised1/raw_reads/P0004_RP_I0408_GCTGGTCA_L002_R2.fastq.gz,CAAGCAGAAGACGGCATACGAGAT*GTGACTGGAGTTCAGACGTGTGCTCTTCCGATCT,AATGATACGGCGACCACCGAGATCTACACTCTTTCCCTACACGACGCTCTTCCGATCT,GCTGGTCA,NA,Uria_aalge,NA
I0276,/scratch/drabosky_flux/sosi/birds/Prum15/revised1/raw_reads/P0004_RP_I0276_TTGCATAT_L001_R1.fastq.gz,/scratch/drabosky_flux/sosi/birds/Prum15/revised1/raw_reads/P0004_RP_I0276_TTGCATAT_L001_R2.fastq.gz,CAAGCAGAAGACGGCATACGAGAT*GTGACTGGAGTTCAGACGTGTGCTCTTCCGATCT,AATGATACGGCGACCACCGAGATCTACACTCTTTCCCTACACGACGCTCTTCCGATCT,TTGCATAT,NA,Vultur_gryphus,NA
I0184,/scratch/drabosky_flux/sosi/birds/Prum15/revised1/raw_reads/P0004_RP_I0184_AACGAAGT_L001_R1.fastq.gz,/scratch/drabosky_flux/sosi/birds/Prum15/revised1/raw_reads/P0004_RP_I0184_AACGAAGT_L001_R2.fastq.gz,CAAGCAGAAGACGGCATACGAGAT*GTGACTGGAGTTCAGACGTGTGCTCTTCCGATCT,AATGATACGGCGACCACCGAGATCTACACTCTTTCCCTACACGACGCTCTTCCGATCT,AACGAAGT,NA,Unknown_unknown,NA
I2829,/scratch/drabosky_flux/sosi/birds/Prum15/revised2/raw_reads/P0004_RP_I2829_TCGTTCGA_L002_R1.fastq.gz,/scratch/drabosky_flux/sosi/birds/Prum15/revised2/raw_reads/P0004_RP_I2829_TCGTTCGA_L002_R2.fastq.gz,CAAGCAGAAGACGGCATACGAGAT*GTGACTGGAGTTCAGACGTGTGCTCTTCCGATCT,AATGATACGGCGACCACCGAGATCTACACTCTTTCCCTACACGACGCTCTTCCGATCT,TCGTTCGA,NA,Acanthisitta_chloris,NA
I0288,/scratch/drabosky_flux/sosi/birds/Prum15/revised2/raw_reads/P0004_RP_I0288_GATGCGCT_L002_R1.fastq.gz,/scratch/drabosky_flux/sosi/birds/Prum15/revised2/raw_reads/P0004_RP_I0288_GATGCGCT_L002_R2.fastq.gz,CAAGCAGAAGACGGCATACGAGAT*GTGACTGGAGTTCAGACGTGTGCTCTTCCGATCT,AATGATACGGCGACCACCGAGATCTACACTCTTTCCCTACACGACGCTCTTCCGATCT,GATGCGCT,NA,Aythya_valisineria,NA
I0248,/scratch/drabosky_flux/sosi/birds/Prum15/revised2/raw_reads/P0004_RP_I0248_CTTGGCCT_L002_R1.fastq.gz,/scratch/drabosky_flux/sosi/birds/Prum15/revised2/raw_reads/P0004_RP_I0248_CTTGGCCT_L002_R2.fastq.gz,CAAGCAGAAGACGGCATACGAGAT*GTGACTGGAGTTCAGACGTGTGCTCTTCCGATCT,AATGATACGGCGACCACCGAGATCTACACTCTTTCCCTACACGACGCTCTTCCGATCT,CTTGGCCT,NA,Caracara_cheriway,NA
I0380,/scratch/drabosky_flux/sosi/birds/Prum15/revised2/raw_reads/P0004_RP_I0380_GCGTTAGC_L002_R1.fastq.gz,/scratch/drabosky_flux/sosi/birds/Prum15/revised2/raw_reads/P0004_RP_I0380_GCGTTAGC_L002_R2.fastq.gz,CAAGCAGAAGACGGCATACGAGAT*GTGACTGGAGTTCAGACGTGTGCTCTTCCGATCT,AATGATACGGCGACCACCGAGATCTACACTCTTTCCCTACACGACGCTCTTCCGATCT,GCGTTAGC,NA,Climacteris_melanura,NA
I2834,/scratch/drabosky_flux/sosi/birds/Prum15/revised2/raw_reads/P0004_RP_I2834_TGGTTGAC_L002_R1.fastq.gz,/scratch/drabosky_flux/sosi/birds/Prum15/revised2/raw_reads/P0004_RP_I2834_TGGTTGAC_L002_R2.fastq.gz,CAAGCAGAAGACGGCATACGAGAT*GTGACTGGAGTTCAGACGTGTGCTCTTCCGATCT,AATGATACGGCGACCACCGAGATCTACACTCTTTCCCTACACGACGCTCTTCCGATCT,TGGTTGAC,NA,Diomedea_exulans,NA
I0236,/scratch/drabosky_flux/sosi/birds/Prum15/revised2/raw_reads/P0004_RP_I0236_CGTTGCGG_L002_R1.fastq.gz,/scratch/drabosky_flux/sosi/birds/Prum15/revised2/raw_reads/P0004_RP_I0236_CGTTGCGG_L002_R2.fastq.gz,CAAGCAGAAGACGGCATACGAGAT*GTGACTGGAGTTCAGACGTGTGCTCTTCCGATCT,AATGATACGGCGACCACCGAGATCTACACTCTTTCCCTACACGACGCTCTTCCGATCT,CGTTGCGG,NA,Falco_sparverius,NA
I0204,/scratch/drabosky_flux/sosi/birds/Prum15/revised2/raw_reads/P0004_RP_I0204_CGCCTGGC_L002_R1.fastq.gz,/scratch/drabosky_flux/sosi/birds/Prum15/revised2/raw_reads/P0004_RP_I0204_CGCCTGGC_L002_R2.fastq.gz,CAAGCAGAAGACGGCATACGAGAT*GTGACTGGAGTTCAGACGTGTGCTCTTCCGATCT,AATGATACGGCGACCACCGAGATCTACACTCTTTCCCTACACGACGCTCTTCCGATCT,CGCCTGGC,NA,Harpiprion_caerulescens,NA
I0367,/scratch/drabosky_flux/sosi/birds/Prum15/revised2/raw_reads/P0004_RP_I0367_GCGGTTCT_L002_R1.fastq.gz,/scratch/drabosky_flux/sosi/birds/Prum15/revised2/raw_reads/P0004_RP_I0367_GCGGTTCT_L002_R2.fastq.gz,CAAGCAGAAGACGGCATACGAGAT*GTGACTGGAGTTCAGACGTGTGCTCTTCCGATCT,AATGATACGGCGACCACCGAGATCTACACTCTTTCCCTACACGACGCTCTTCCGATCT,GCGGTTCT,NA,Leptosomus_discolor,NA
I0229,/scratch/drabosky_flux/sosi/birds/Prum15/revised2/raw_reads/P0004_RP_I0229_CGTCCAGA_L002_R1.fastq.gz,/scratch/drabosky_flux/sosi/birds/Prum15/revised2/raw_reads/P0004_RP_I0229_CGTCCAGA_L002_R2.fastq.gz,CAAGCAGAAGACGGCATACGAGAT*GTGACTGGAGTTCAGACGTGTGCTCTTCCGATCT,AATGATACGGCGACCACCGAGATCTACACTCTTTCCCTACACGACGCTCTTCCGATCT,CGTCCAGA,NA,Nothoprocta_ornata,NA
I0249,/scratch/drabosky_flux/sosi/birds/Prum15/revised2/raw_reads/P0004_RP_I0249_GAACGCTG_L002_R1.fastq.gz,/scratch/drabosky_flux/sosi/birds/Prum15/revised2/raw_reads/P0004_RP_I0249_GAACGCTG_L002_R2.fastq.gz,CAAGCAGAAGACGGCATACGAGAT*GTGACTGGAGTTCAGACGTGTGCTCTTCCGATCT,AATGATACGGCGACCACCGAGATCTACACTCTTTCCCTACACGACGCTCTTCCGATCT,GAACGCTG,NA,Nyctibius_griseus,NA
I2827,/scratch/drabosky_flux/sosi/birds/Prum15/revised2/raw_reads/P0004_RP_I2827_TAGGCCGT_L002_R1.fastq.gz,/scratch/drabosky_flux/sosi/birds/Prum15/revised2/raw_reads/P0004_RP_I2827_TAGGCCGT_L002_R2.fastq.gz,CAAGCAGAAGACGGCATACGAGAT*GTGACTGGAGTTCAGACGTGTGCTCTTCCGATCT,AATGATACGGCGACCACCGAGATCTACACTCTTTCCCTACACGACGCTCTTCCGATCT,TAGGCCGT,NA,Pedionomus_torquatus,NA
I2836,/scratch/drabosky_flux/sosi/birds/Prum15/revised2/raw_reads/P0004_RP_I2836_TTATAACT_L002_R1.fastq.gz,/scratch/drabosky_flux/sosi/birds/Prum15/revised2/raw_reads/P0004_RP_I2836_TTATAACT_L002_R2.fastq.gz,CAAGCAGAAGACGGCATACGAGAT*GTGACTGGAGTTCAGACGTGTGCTCTTCCGATCT,AATGATACGGCGACCACCGAGATCTACACTCTTTCCCTACACGACGCTCTTCCGATCT,TTATAACT,NA,Pedionomus_torquatus,NA
I2831,/scratch/drabosky_flux/sosi/birds/Prum15/revised2/raw_reads/P0004_RP_I2831_TGGAGTAC_L002_R1.fastq.gz,/scratch/drabosky_flux/sosi/birds/Prum15/revised2/raw_reads/P0004_RP_I2831_TGGAGTAC_L002_R2.fastq.gz,CAAGCAGAAGACGGCATACGAGAT*GTGACTGGAGTTCAGACGTGTGCTCTTCCGATCT,AATGATACGGCGACCACCGAGATCTACACTCTTTCCCTACACGACGCTCTTCCGATCT,TGGAGTAC,NA,Philepitta_castanea,NA
I0241,/scratch/drabosky_flux/sosi/birds/Prum15/revised2/raw_reads/P0004_RP_I0241_CTGAGCAT_L002_R1.fastq.gz,/scratch/drabosky_flux/sosi/birds/Prum15/revised2/raw_reads/P0004_RP_I0241_CTGAGCAT_L002_R2.fastq.gz,CAAGCAGAAGACGGCATACGAGAT*GTGACTGGAGTTCAGACGTGTGCTCTTCCGATCT,AATGATACGGCGACCACCGAGATCTACACTCTTTCCCTACACGACGCTCTTCCGATCT,CTGAGCAT,NA,Pipra_erythrocephala,NA
I0407,/scratch/drabosky_flux/sosi/birds/Prum15/revised2/raw_reads/P0004_RP_I0407_GGAGGCTC_L002_R1.fastq.gz,/scratch/drabosky_flux/sosi/birds/Prum15/revised2/raw_reads/P0004_RP_I0407_GGAGGCTC_L002_R2.fastq.gz,CAAGCAGAAGACGGCATACGAGAT*GTGACTGGAGTTCAGACGTGTGCTCTTCCGATCT,AATGATACGGCGACCACCGAGATCTACACTCTTTCCCTACACGACGCTCTTCCGATCT,GGAGGCTC,NA,Porphyrio_porphyrio,NA
I0395,/scratch/drabosky_flux/sosi/birds/Prum15/revised2/raw_reads/P0004_RP_I0395_GCTTGATG_L002_R1.fastq.gz,/scratch/drabosky_flux/sosi/birds/Prum15/revised2/raw_reads/P0004_RP_I0395_GCTTGATG_L002_R2.fastq.gz,CAAGCAGAAGACGGCATACGAGAT*GTGACTGGAGTTCAGACGTGTGCTCTTCCGATCT,AATGATACGGCGACCACCGAGATCTACACTCTTTCCCTACACGACGCTCTTCCGATCT,GCTTGATG,NA,Pterodroma_externa,NA
I2833,/scratch/drabosky_flux/sosi/birds/Prum15/revised2/raw_reads/P0004_RP_I2833_TGGTATGA_L002_R1.fastq.gz,/scratch/drabosky_flux/sosi/birds/Prum15/revised2/raw_reads/P0004_RP_I2833_TGGTATGA_L002_R2.fastq.gz,CAAGCAGAAGACGGCATACGAGAT*GTGACTGGAGTTCAGACGTGTGCTCTTCCGATCT,AATGATACGGCGACCACCGAGATCTACACTCTTTCCCTACACGACGCTCTTCCGATCT,TGGTATGA,NA,Ptilonorhynchus_violaceus,NA
I0361,/scratch/drabosky_flux/sosi/birds/Prum15/revised2/raw_reads/P0004_RP_I0361_GATTCCAG_L002_R1.fastq.gz,/scratch/drabosky_flux/sosi/birds/Prum15/revised2/raw_reads/P0004_RP_I0361_GATTCCAG_L002_R2.fastq.gz,CAAGCAGAAGACGGCATACGAGAT*GTGACTGGAGTTCAGACGTGTGCTCTTCCGATCT,AATGATACGGCGACCACCGAGATCTACACTCTTTCCCTACACGACGCTCTTCCGATCT,GATTCCAG,NA,Sagittarius_serpentarius,NA
I2835,/scratch/drabosky_flux/sosi/birds/Prum15/revised2/raw_reads/P0004_RP_I2835_TTACTTCT_L002_R1.fastq.gz,/scratch/drabosky_flux/sosi/birds/Prum15/revised2/raw_reads/P0004_RP_I2835_TTACTTCT_L002_R2.fastq.gz,CAAGCAGAAGACGGCATACGAGAT*GTGACTGGAGTTCAGACGTGTGCTCTTCCGATCT,AATGATACGGCGACCACCGAGATCTACACTCTTTCCCTACACGACGCTCTTCCGATCT,TTACTTCT,NA,Sericulus_bakeri,NA
I0435,/scratch/drabosky_flux/sosi/birds/Prum15/revised2/raw_reads/P0004_RP_I0435_GGTAGTTG_L002_R1.fastq.gz,/scratch/drabosky_flux/sosi/birds/Prum15/revised2/raw_reads/P0004_RP_I0435_GGTAGTTG_L002_R2.fastq.gz,CAAGCAGAAGACGGCATACGAGAT*GTGACTGGAGTTCAGACGTGTGCTCTTCCGATCT,AATGATACGGCGACCACCGAGATCTACACTCTTTCCCTACACGACGCTCTTCCGATCT,GGTAGTTG,NA,Steatornis_caripensis,NA
I0436,/scratch/drabosky_flux/sosi/birds/Prum15/revised2/raw_reads/P0004_RP_I0436_GGTCCTAG_L002_R1.fastq.gz,/scratch/drabosky_flux/sosi/birds/Prum15/revised2/raw_reads/P0004_RP_I0436_GGTCCTAG_L002_R2.fastq.gz,CAAGCAGAAGACGGCATACGAGAT*GTGACTGGAGTTCAGACGTGTGCTCTTCCGATCT,AATGATACGGCGACCACCGAGATCTACACTCTTTCCCTACACGACGCTCTTCCGATCT,GGTCCTAG,NA,Steatornis_caripensis,NA
I2830,/scratch/drabosky_flux/sosi/birds/Prum15/revised2/raw_reads/P0004_RP_I2830_TGCCTGCG_L002_R1.fastq.gz,/scratch/drabosky_flux/sosi/birds/Prum15/revised2/raw_reads/P0004_RP_I2830_TGCCTGCG_L002_R2.fastq.gz,CAAGCAGAAGACGGCATACGAGAT*GTGACTGGAGTTCAGACGTGTGCTCTTCCGATCT,AATGATACGGCGACCACCGAGATCTACACTCTTTCCCTACACGACGCTCTTCCGATCT,TGCCTGCG,NA,Steatornis_caripensis,NA