lineage,sample,barcode1,read1,read2,adaptor1,adaptor2,barcode2,genome
Acanthisitta_chloris,I2829,TCGTTCGA,/home/user/Desktop/Prum_data/run2/raw_reads/P0004_RP_I2829_TCGTTCGA_L002_R1.fastq.gz,/home/user/Desktop/Prum_data/run2/raw_reads/P0004_RP_I2829_TCGTTCGA_L002_R2.fastq.gz,CAAGCAGAAGACGGCATACGAGAT*GTGACTGGAGTTCAGACGTGTGCTCTTCCGATCT,AATGATACGGCGACCACCGAGATCTACACTCTTTCCCTACACGACGCTCTTCCGATCT,NA,NA
Aythya_valisineria,I0288,GATGCGCT,/home/user/Desktop/Prum_data/run2/raw_reads/P0004_RP_I0288_GATGCGCT_L002_R1.fastq.gz,/home/user/Desktop/Prum_data/run2/raw_reads/P0004_RP_I0288_GATGCGCT_L002_R2.fastq.gz,CAAGCAGAAGACGGCATACGAGAT*GTGACTGGAGTTCAGACGTGTGCTCTTCCGATCT,AATGATACGGCGACCACCGAGATCTACACTCTTTCCCTACACGACGCTCTTCCGATCT,NA,NA
Caracara_cheriway,I0248,CTTGGCCT,/home/user/Desktop/Prum_data/run2/raw_reads/P0004_RP_I0248_CTTGGCCT_L002_R1.fastq.gz,/home/user/Desktop/Prum_data/run2/raw_reads/P0004_RP_I0248_CTTGGCCT_L002_R2.fastq.gz,CAAGCAGAAGACGGCATACGAGAT*GTGACTGGAGTTCAGACGTGTGCTCTTCCGATCT,AATGATACGGCGACCACCGAGATCTACACTCTTTCCCTACACGACGCTCTTCCGATCT,NA,NA
Climacteris_melanura,I0380,GCGTTAGC,/home/user/Desktop/Prum_data/run2/raw_reads/P0004_RP_I0380_GCGTTAGC_L002_R1.fastq.gz,/home/user/Desktop/Prum_data/run2/raw_reads/P0004_RP_I0380_GCGTTAGC_L002_R2.fastq.gz,CAAGCAGAAGACGGCATACGAGAT*GTGACTGGAGTTCAGACGTGTGCTCTTCCGATCT,AATGATACGGCGACCACCGAGATCTACACTCTTTCCCTACACGACGCTCTTCCGATCT,NA,NA
Diomedea_exulans,I2834,TGGTTGAC,/home/user/Desktop/Prum_data/run2/raw_reads/P0004_RP_I2834_TGGTTGAC_L002_R1.fastq.gz,/home/user/Desktop/Prum_data/run2/raw_reads/P0004_RP_I2834_TGGTTGAC_L002_R2.fastq.gz,CAAGCAGAAGACGGCATACGAGAT*GTGACTGGAGTTCAGACGTGTGCTCTTCCGATCT,AATGATACGGCGACCACCGAGATCTACACTCTTTCCCTACACGACGCTCTTCCGATCT,NA,NA
Falco_sparverius,I0236,CGTTGCGG,/home/user/Desktop/Prum_data/run2/raw_reads/P0004_RP_I0236_CGTTGCGG_L002_R1.fastq.gz,/home/user/Desktop/Prum_data/run2/raw_reads/P0004_RP_I0236_CGTTGCGG_L002_R2.fastq.gz,CAAGCAGAAGACGGCATACGAGAT*GTGACTGGAGTTCAGACGTGTGCTCTTCCGATCT,AATGATACGGCGACCACCGAGATCTACACTCTTTCCCTACACGACGCTCTTCCGATCT,NA,NA
Harpiprion_caerulescens,I0204,CGCCTGGC,/home/user/Desktop/Prum_data/run2/raw_reads/P0004_RP_I0204_CGCCTGGC_L002_R1.fastq.gz,/home/user/Desktop/Prum_data/run2/raw_reads/P0004_RP_I0204_CGCCTGGC_L002_R2.fastq.gz,CAAGCAGAAGACGGCATACGAGAT*GTGACTGGAGTTCAGACGTGTGCTCTTCCGATCT,AATGATACGGCGACCACCGAGATCTACACTCTTTCCCTACACGACGCTCTTCCGATCT,NA,NA
Leptosomus_discolor,I0367,GCGGTTCT,/home/user/Desktop/Prum_data/run2/raw_reads/P0004_RP_I0367_GCGGTTCT_L002_R1.fastq.gz,/home/user/Desktop/Prum_data/run2/raw_reads/P0004_RP_I0367_GCGGTTCT_L002_R2.fastq.gz,CAAGCAGAAGACGGCATACGAGAT*GTGACTGGAGTTCAGACGTGTGCTCTTCCGATCT,AATGATACGGCGACCACCGAGATCTACACTCTTTCCCTACACGACGCTCTTCCGATCT,NA,NA
Nothoprocta_ornata,I0229,CGTCCAGA,/home/user/Desktop/Prum_data/run2/raw_reads/P0004_RP_I0229_CGTCCAGA_L002_R1.fastq.gz,/home/user/Desktop/Prum_data/run2/raw_reads/P0004_RP_I0229_CGTCCAGA_L002_R2.fastq.gz,CAAGCAGAAGACGGCATACGAGAT*GTGACTGGAGTTCAGACGTGTGCTCTTCCGATCT,AATGATACGGCGACCACCGAGATCTACACTCTTTCCCTACACGACGCTCTTCCGATCT,NA,NA
Nyctibius_griseus,I0249,GAACGCTG,/home/user/Desktop/Prum_data/run2/raw_reads/P0004_RP_I0249_GAACGCTG_L002_R1.fastq.gz,/home/user/Desktop/Prum_data/run2/raw_reads/P0004_RP_I0249_GAACGCTG_L002_R2.fastq.gz,CAAGCAGAAGACGGCATACGAGAT*GTGACTGGAGTTCAGACGTGTGCTCTTCCGATCT,AATGATACGGCGACCACCGAGATCTACACTCTTTCCCTACACGACGCTCTTCCGATCT,NA,NA
Pedionomus_torquatus,I2827,TAGGCCGT,/home/user/Desktop/Prum_data/run2/raw_reads/P0004_RP_I2827_TAGGCCGT_L002_R1.fastq.gz,/home/user/Desktop/Prum_data/run2/raw_reads/P0004_RP_I2827_TAGGCCGT_L002_R2.fastq.gz,CAAGCAGAAGACGGCATACGAGAT*GTGACTGGAGTTCAGACGTGTGCTCTTCCGATCT,AATGATACGGCGACCACCGAGATCTACACTCTTTCCCTACACGACGCTCTTCCGATCT,NA,NA
Pedionomus_torquatus,I2836,TTATAACT,/home/user/Desktop/Prum_data/run2/raw_reads/P0004_RP_I2836_TTATAACT_L002_R1.fastq.gz,/home/user/Desktop/Prum_data/run2/raw_reads/P0004_RP_I2836_TTATAACT_L002_R2.fastq.gz,CAAGCAGAAGACGGCATACGAGAT*GTGACTGGAGTTCAGACGTGTGCTCTTCCGATCT,AATGATACGGCGACCACCGAGATCTACACTCTTTCCCTACACGACGCTCTTCCGATCT,NA,NA
Philepitta_castanea,I2831,TGGAGTAC,/home/user/Desktop/Prum_data/run2/raw_reads/P0004_RP_I2831_TGGAGTAC_L002_R1.fastq.gz,/home/user/Desktop/Prum_data/run2/raw_reads/P0004_RP_I2831_TGGAGTAC_L002_R2.fastq.gz,CAAGCAGAAGACGGCATACGAGAT*GTGACTGGAGTTCAGACGTGTGCTCTTCCGATCT,AATGATACGGCGACCACCGAGATCTACACTCTTTCCCTACACGACGCTCTTCCGATCT,NA,NA
Pipra_erythrocephala,I0241,CTGAGCAT,/home/user/Desktop/Prum_data/run2/raw_reads/P0004_RP_I0241_CTGAGCAT_L002_R1.fastq.gz,/home/user/Desktop/Prum_data/run2/raw_reads/P0004_RP_I0241_CTGAGCAT_L002_R2.fastq.gz,CAAGCAGAAGACGGCATACGAGAT*GTGACTGGAGTTCAGACGTGTGCTCTTCCGATCT,AATGATACGGCGACCACCGAGATCTACACTCTTTCCCTACACGACGCTCTTCCGATCT,NA,NA
Porphyrio_porphyrio,I0407,GGAGGCTC,/home/user/Desktop/Prum_data/run2/raw_reads/P0004_RP_I0407_GGAGGCTC_L002_R1.fastq.gz,/home/user/Desktop/Prum_data/run2/raw_reads/P0004_RP_I0407_GGAGGCTC_L002_R2.fastq.gz,CAAGCAGAAGACGGCATACGAGAT*GTGACTGGAGTTCAGACGTGTGCTCTTCCGATCT,AATGATACGGCGACCACCGAGATCTACACTCTTTCCCTACACGACGCTCTTCCGATCT,NA,NA
Pterodroma_externa,I0395,GCTTGATG,/home/user/Desktop/Prum_data/run2/raw_reads/P0004_RP_I0395_GCTTGATG_L002_R1.fastq.gz,/home/user/Desktop/Prum_data/run2/raw_reads/P0004_RP_I0395_GCTTGATG_L002_R2.fastq.gz,CAAGCAGAAGACGGCATACGAGAT*GTGACTGGAGTTCAGACGTGTGCTCTTCCGATCT,AATGATACGGCGACCACCGAGATCTACACTCTTTCCCTACACGACGCTCTTCCGATCT,NA,NA
Ptilonorhynchus_violaceus,I2833,TGGTATGA,/home/user/Desktop/Prum_data/run2/raw_reads/P0004_RP_I2833_TGGTATGA_L002_R1.fastq.gz,/home/user/Desktop/Prum_data/run2/raw_reads/P0004_RP_I2833_TGGTATGA_L002_R2.fastq.gz,CAAGCAGAAGACGGCATACGAGAT*GTGACTGGAGTTCAGACGTGTGCTCTTCCGATCT,AATGATACGGCGACCACCGAGATCTACACTCTTTCCCTACACGACGCTCTTCCGATCT,NA,NA
Sagittarius_serpentarius,I0361,GATTCCAG,/home/user/Desktop/Prum_data/run2/raw_reads/P0004_RP_I0361_GATTCCAG_L002_R1.fastq.gz,/home/user/Desktop/Prum_data/run2/raw_reads/P0004_RP_I0361_GATTCCAG_L002_R2.fastq.gz,CAAGCAGAAGACGGCATACGAGAT*GTGACTGGAGTTCAGACGTGTGCTCTTCCGATCT,AATGATACGGCGACCACCGAGATCTACACTCTTTCCCTACACGACGCTCTTCCGATCT,NA,NA
Sericulus_bakeri,I2835,TTACTTCT,/home/user/Desktop/Prum_data/run2/raw_reads/P0004_RP_I2835_TTACTTCT_L002_R1.fastq.gz,/home/user/Desktop/Prum_data/run2/raw_reads/P0004_RP_I2835_TTACTTCT_L002_R2.fastq.gz,CAAGCAGAAGACGGCATACGAGAT*GTGACTGGAGTTCAGACGTGTGCTCTTCCGATCT,AATGATACGGCGACCACCGAGATCTACACTCTTTCCCTACACGACGCTCTTCCGATCT,NA,NA
Steatornis_caripensis,I0435,GGTAGTTG,/home/user/Desktop/Prum_data/run2/raw_reads/P0004_RP_I0435_GGTAGTTG_L002_R1.fastq.gz,/home/user/Desktop/Prum_data/run2/raw_reads/P0004_RP_I0435_GGTAGTTG_L002_R2.fastq.gz,CAAGCAGAAGACGGCATACGAGAT*GTGACTGGAGTTCAGACGTGTGCTCTTCCGATCT,AATGATACGGCGACCACCGAGATCTACACTCTTTCCCTACACGACGCTCTTCCGATCT,NA,NA
Steatornis_caripensis,I0436,GGTCCTAG,/home/user/Desktop/Prum_data/run2/raw_reads/P0004_RP_I0436_GGTCCTAG_L002_R1.fastq.gz,/home/user/Desktop/Prum_data/run2/raw_reads/P0004_RP_I0436_GGTCCTAG_L002_R2.fastq.gz,CAAGCAGAAGACGGCATACGAGAT*GTGACTGGAGTTCAGACGTGTGCTCTTCCGATCT,AATGATACGGCGACCACCGAGATCTACACTCTTTCCCTACACGACGCTCTTCCGATCT,NA,NA
Steatornis_caripensis,I2830,TGCCTGCG,/home/user/Desktop/Prum_data/run2/raw_reads/P0004_RP_I2830_TGCCTGCG_L002_R1.fastq.gz,/home/user/Desktop/Prum_data/run2/raw_reads/P0004_RP_I2830_TGCCTGCG_L002_R2.fastq.gz,CAAGCAGAAGACGGCATACGAGAT*GTGACTGGAGTTCAGACGTGTGCTCTTCCGATCT,AATGATACGGCGACCACCGAGATCTACACTCTTTCCCTACACGACGCTCTTCCGATCT,NA,NA
